id,is_iceberg,angle,pred,coords,x,y
000d71b1,0,34.8374,,"(34.0, 35.0, True)",34,35
0015055d,0,43.108,,"(38.0, 40.0, True)",38,40
004300e6,1,42.5591,,"(36.0, 35.0, True)",36,35
00c5b3e0,0,na,,"(39.0, 34.0, True)",39,34
00e759b3,0,na,,"(36.0, 35.0, False)",36,35
00f3862a,1,45.2814,,"(33.0, 36.0, True)",33,36
00f7ef1c,1,34.4748,,"(41.0, 31.0, True)",41,31
010355ab,1,39.9784,,"(45.0, 48.0, True)",45,48
0113e164,0,43.2268,,"(21.0, 39.0, True)",21,39
01208f76,1,42.5682,,"(41.0, 35.0, True)",41,35
0125e614,0,37.2103,,"(39.0, 42.0, True)",39,42
01944ac7,0,35.7863,,"(36.0, 42.0, True)",36,42
01d13585,1,32.7838,,"(39.0, 38.0, True)",39,38
01d46a63,0,35.7863,,"(38.0, 42.0, True)",38,42
01d4c808,1,44.6246,,"(38.0, 35.0, True)",38,35
020f5eaa,0,na,,"(37.0, 37.0, True)",37,37
02237e77,0,na,,"(40.0, 37.0, True)",40,37
02314c59,0,41.0303,,"(38.0, 47.0, True)",38,47
02530ece,1,34.4721,,"(34.0, 30.0, True)",34,30
025f1df9,1,45.2859,,"(37.0, 34.0, True)",37,34
02b582a3,1,45.2909,,"(37.0, 37.0, True)",37,37
02d46759,0,35.769800000000004,,"(37.0, 34.0, True)",37,34
02e48c95,0,na,,"(36.0, 35.0, True)",36,35
0334eec4,1,37.2861,,"(37.0, 35.0, False)",37,35
034e5ac4,0,33.1761,,"(37.0, 33.0, True)",37,33
036e1d89,0,33.9178,,"(37.0, 34.0, True)",37,34
038b8949,1,39.234,,"(44.0, 44.0, True)",44,44
03c9f99d,0,43.244,,"(44.0, 34.0, True)",44,34
046e4235,0,35.7139,,"(45.0, 30.0, True)",45,30
047bb667,0,39.5508,,"(37.0, 37.0, True)",37,37
0498f9ab,1,45.2859,,"(37.0, 35.0, True)",37,35
04b03693,0,38.9233,,"(37.0, 34.0, True)",37,34
04bfcaec,0,na,,"(38.0, 33.0, True)",38,33
04dd72e9,1,43.2697,,"(37.0, 36.0, True)",37,36
04e11240,0,na,,"(37.0, 32.0, True)",37,32
04e6f331,0,na,,"(34.0, 37.0, True)",34,37
04f859f9,0,33.079,,"(41.0, 42.0, True)",41,42
05149841,0,43.8076,,"(31.0, 38.0, True)",31,38
0516529a,0,33.9303,,"(35.0, 36.0, True)",35,36
058a5768,0,39.5048,,"(36.0, 38.0, True)",36,38
05a82a73,0,31.3432,,"(39.0, 42.0, True)",39,42
05c4d0bf,0,31.2884,,"(35.0, 34.0, True)",35,34
05cf0527,0,34.0331,,"(30.0, 36.0, True)",30,36
05f4cebf,0,43.2159,,"(35.0, 35.0, True)",35,35
060a48a5,0,44.483,,"(40.0, 34.0, True)",40,34
0615d2f8,1,43.9409,,"(41.0, 37.0, True)",41,37
062857c0,1,45.2853,,"(40.0, 25.0, True)",40,25
0645d7de,0,43.4742,,"(35.0, 36.0, True)",35,36
06b6ac23,1,35.2954,,"(38.0, 37.0, True)",38,37
06ebccea,0,40.9834,,"(40.0, 51.0, True)",40,51
0717d705,0,42.5378,,"(37.0, 38.0, True)",37,38
0719d5e2,0,na,,"(35.0, 37.0, True)",35,37
07623257,0,37.1598,,"(38.0, 39.0, True)",38,39
076a815e,1,34.4718,,"(34.0, 38.0, True)",34,38
076d3642,1,40.3958,,"(16.0, 2.0, True)",16,2
07d60155,0,31.5671,,"(36.0, 42.0, True)",36,42
07ecb0dd,1,43.2611,,"(37.0, 37.0, False)",37,37
08367f44,1,42.5577,,"(39.0, 36.0, True)",39,36
083a41f9,0,40.9858,,"(47.0, 38.0, True)",47,38
0840a539,0,40.4793,,"(31.0, 37.0, True)",31,37
08531b1d,0,32.178,,"(38.0, 32.0, True)",38,32
0859ef5e,0,43.9131,,"(35.0, 37.0, True)",35,37
0867ca68,0,36.6134,,"(47.0, 39.0, True)",47,39
08955acb,0,35.5647,,"(39.0, 36.0, True)",39,36
08aa087c,0,37.3661,,"(40.0, 34.0, True)",40,34
08db8953,0,37.3143,,"(36.0, 34.0, True)",36,34
08e45f85,1,38.0331,,"(39.0, 37.0, True)",39,37
08fb43c6,1,41.1294,,"(38.0, 36.0, True)",38,36
0925dff9,0,42.5093,,"(35.0, 35.0, True)",35,35
09aa6df7,0,38.9132,,"(35.0, 33.0, True)",35,33
09ecea99,0,40.4862,,"(38.0, 42.0, True)",38,42
0a0c6272,1,39.9798,,"(39.0, 47.0, True)",39,47
0a192892,1,35.2954,,"(38.0, 40.0, True)",38,40
0a2e9a0a,0,43.1087,,"(35.0, 50.0, True)",35,50
0a982892,1,43.2611,,"(39.0, 37.0, True)",39,37
0abde10f,1,35.2975,,"(39.0, 30.0, True)",39,30
0aebf04a,0,38.7481,,"(42.0, 34.0, True)",42,34
0b13cae5,1,36.1061,,"(33.0, 35.0, True)",33,35
0b1d356b,1,37.7043,,"(35.0, 36.0, True)",35,36
0b2e007c,1,32.785,,"(36.0, 43.0, False)",36,43
0b36db0e,1,33.634,,"(37.0, 34.0, True)",37,34
0b44f893,0,39.5309,,"(42.0, 48.0, True)",42,48
0b59fa1e,1,36.9031,,"(38.0, 39.0, True)",38,39
0b85842b,0,40.3085,,"(32.0, 36.0, True)",32,36
0b87e9b9,1,43.9577,,"(37.0, 37.0, True)",37,37
0bd98db1,0,na,,"(39.0, 33.0, True)",39,33
0c2cf1d0,1,43.9459,,"(37.0, 34.0, True)",37,34
0c33ca9e,1,40.4053,,"(38.0, 34.0, True)",38,34
0c3b2f7a,0,38.7496,,"(37.0, 38.0, True)",37,38
0c4dee0f,0,34.0352,,"(41.0, 33.0, True)",41,33
0c954027,1,40.7129,,"(43.0, 45.0, True)",43,45
0cf852fc,0,42.4098,,"(32.0, 45.0, True)",32,45
0d179546,1,45.3015,,"(36.0, 36.0, True)",36,36
0d276791,0,38.137,,"(37.0, 34.0, True)",37,34
0d33dfaf,0,43.7937,,"(36.0, 40.0, True)",36,40
0d3b11df,0,40.2484,,"(41.0, 47.0, True)",41,47
0d3ec646,1,42.5603,,"(38.0, 37.0, True)",38,37
0d42590b,1,34.4878,,"(28.0, 39.0, False)",28,39
0d42919f,0,43.8395,,"(38.0, 38.0, True)",38,38
0daec640,0,na,,"(36.0, 37.0, True)",36,37
0df5c436,0,na,,"(38.0, 37.0, True)",38,37
0e1f745a,0,na,,"(34.0, 36.0, True)",34,36
0e5ff047,0,35.6291,,"(37.0, 34.0, True)",37,34
0e715566,1,37.2844,,"(37.0, 37.0, True)",37,37
0ecf7d79,0,34.1216,,"(34.0, 31.0, True)",34,31
0f35dc1d,0,37.348,,"(37.0, 35.0, True)",37,35
0f383168,0,32.3102,,"(36.0, 32.0, True)",36,32
0f467f8a,1,37.6866,,"(36.0, 35.0, True)",36,35
0f7ef121,1,40.3944,,"(41.0, 34.0, True)",41,34
0f962f75,1,37.2802,,"(37.0, 34.0, True)",37,34
10ceaa35,1,39.6261,,"(34.0, 36.0, True)",34,36
1123c599,1,43.256,,"(36.0, 37.0, True)",36,37
112a6cfa,1,38.0669,,"(36.0, 35.0, True)",36,35
1130ed26,0,38.7816,,"(37.0, 40.0, True)",37,40
11391666,1,41.1227,,"(35.0, 38.0, True)",35,38
11581b71,1,45.4055,,"(37.0, 36.0, True)",37,36
11623106,1,37.6877,,"(38.0, 41.0, True)",38,41
11745012,0,34.7608,,"(35.0, 35.0, True)",35,35
119f046b,0,35.7234,,"(38.0, 33.0, True)",38,33
11a04625,0,na,,"(35.0, 38.0, False)",35,38
11ab27f8,0,39.6118,,"(29.0, 37.0, True)",29,37
11c7a8d0,0,39.8205,,"(39.0, 34.0, True)",39,34
11d06927,1,34.4718,,"(34.0, 35.0, True)",34,35
11d9ae7b,1,42.5591,,"(40.0, 35.0, True)",40,35
1200ea6a,0,38.1618,,"(38.0, 36.0, True)",38,36
12c38030,1,38.8594,,"(40.0, 37.0, True)",40,37
1303a495,0,44.0157,,"(35.0, 36.0, False)",35,36
132118fc,1,33.9978,,"(36.0, 38.0, True)",36,38
133f346d,0,41.914,,"(38.0, 35.0, True)",38,35
135d49fe,0,39.6636,,"(38.0, 28.0, True)",38,28
137cdd43,0,43.1689,,"(39.0, 37.0, True)",39,37
13acab66,1,39.9784,,"(33.0, 35.0, True)",33,35
13b318de,0,34.8715,,"(38.0, 35.0, True)",38,35
13c7bc95,1,42.5848,,"(36.0, 36.0, True)",36,36
146aa91f,1,36.4733,,"(35.0, 36.0, True)",35,36
1472a788,0,35.7411,,"(36.0, 33.0, True)",36,33
154e0b2b,0,40.9805,,"(38.0, 39.0, True)",38,39
15b788fb,0,41.2023,,"(38.0, 32.0, True)",38,32
15dbcbf4,0,39.6484,,"(34.0, 38.0, True)",34,38
15dd8345,0,38.8999,,"(40.0, 42.0, True)",40,42
1613016a,1,39.9784,,"(40.0, 50.0, True)",40,50
161a6860,0,39.5067,,"(40.0, 48.0, True)",40,48
163541ea,0,41.8515,,"(39.0, 43.0, True)",39,43
16383865,1,43.9409,,"(38.0, 37.0, True)",38,37
1664c714,0,34.9664,,"(33.0, 39.0, True)",33,39
1668b420,1,43.2659,,"(39.0, 37.0, True)",39,37
17018107,1,35.2945,,"(32.0, 35.0, True)",32,35
1740ba41,0,43.2888,,"(32.0, 34.0, True)",32,34
17634039,1,36.9052,,"(33.0, 34.0, True)",33,34
1799793b,1,39.9663,,"(33.0, 35.0, True)",33,35
17d06536,1,34.4721,,"(43.0, 37.0, True)",43,37
17dcc03a,1,38.02,,"(38.0, 38.0, True)",38,38
17f1c891,1,35.3127,,"(37.0, 37.0, True)",37,37
18ec6625,0,34.9528,,"(36.0, 34.0, True)",36,34
191a909a,0,34.1271,,"(27.0, 42.0, True)",27,42
1924ceeb,1,45.2714,,"(35.0, 38.0, True)",35,38
19279980,0,42.6447,,"(38.0, 35.0, True)",38,35
192f56eb,0,43.3007,,"(37.0, 35.0, True)",37,35
19c2b122,1,39.2325,,"(38.0, 45.0, True)",38,45
19f6736f,0,41.1965,,"(38.0, 33.0, True)",38,33
1a00d685,0,43.916,,"(41.0, 37.0, True)",41,37
1a18d38b,0,43.1096,,"(37.0, 38.0, True)",37,38
1a58d98b,0,43.1055,,"(41.0, 38.0, True)",41,38
1a6364af,0,42.5145,,"(40.0, 34.0, True)",40,34
1a9b4671,0,33.1518,,"(39.0, 32.0, True)",39,32
1abf7cc6,1,43.9407,,"(39.0, 37.0, True)",39,37
1ad344b5,0,35.6285,,"(32.0, 40.0, True)",32,40
1ae12a6e,1,35.3112,,"(38.0, 36.0, True)",38,36
1aeb80cf,0,41.857,,"(37.0, 34.0, True)",37,34
1b059732,1,41.8181,,"(35.0, 37.0, True)",35,37
1b4308b4,0,na,,"(37.0, 35.0, True)",37,35
1b7acd4c,1,38.4591,,"(38.0, 37.0, False)",38,37
1bd0680c,0,40.2467,,"(41.0, 54.0, True)",41,54
1c18a39e,0,45.3568,,"(39.0, 35.0, True)",39,35
1c3e9901,0,34.2299,,"(38.0, 39.0, True)",38,39
1c46183a,1,35.2957,,"(36.0, 36.0, True)",36,36
1c536d78,0,42.5145,,"(36.0, 35.0, True)",36,35
1c607692,1,39.2166,,"(37.0, 34.0, True)",37,34
1c96b7b4,0,35.7195,,"(38.0, 27.0, True)",38,27
1cb7fac9,1,42.5591,,"(37.0, 34.0, True)",37,34
1cc3a54b,1,43.9392,,"(38.0, 37.0, True)",38,37
1ccbfff1,0,35.7829,,"(39.0, 38.0, True)",39,38
1d20c783,1,38.8594,,"(38.0, 36.0, True)",38,36
1d500cdf,1,33.1315,,"(38.0, 37.0, True)",38,37
1dbb4dd9,1,40.6971,,"(37.0, 40.0, True)",37,40
1dc1c160,1,40.3904,,"(32.0, 39.0, True)",32,39
1df59f54,0,35.7448,,"(48.0, 34.0, True)",48,34
1dfd85d3,1,42.559,,"(36.0, 36.0, True)",36,36
1e2c3eb4,1,39.9635,,"(40.0, 42.0, True)",40,42
1e7ff021,0,41.8809,,"(40.0, 34.0, True)",40,34
1ef4255b,1,39.9638,,"(42.0, 34.0, True)",42,34
1f0f686e,1,45.2714,,"(35.0, 38.0, True)",35,38
1f24c421,1,33.634,,"(35.0, 38.0, True)",35,38
1f39cbec,1,42.5598,,"(37.0, 34.0, True)",37,34
1f81137d,1,36.1061,,"(36.0, 34.0, True)",36,34
1ffde571,1,42.5598,,"(36.0, 36.0, True)",36,36
20483e06,1,38.02,,"(32.0, 40.0, True)",32,40
204941f0,0,42.4664,,"(39.0, 33.0, True)",39,33
204afe46,1,32.801,,"(37.0, 40.0, True)",37,40
207b59dd,1,41.4339,,"(43.0, 36.0, True)",43,36
20936ccc,1,45.2859,,"(36.0, 35.0, True)",36,35
20b1e634,1,34.4718,,"(34.0, 31.0, True)",34,31
20e4176e,0,35.5896,,"(36.0, 38.0, True)",36,38
20e53553,1,38.9054,,"(37.0, 39.0, True)",37,39
2133a43f,1,45.2652,,"(35.0, 35.0, True)",35,35
213dc696,1,42.565,,"(38.0, 37.0, True)",38,37
215c1fb8,0,32.4245,,"(38.0, 36.0, True)",38,36
2164c343,0,36.4718,,"(35.0, 34.0, True)",35,34
2181e24f,1,35.669,,"(40.0, 41.0, True)",40,41
219feadf,0,34.0453,,"(39.0, 36.0, True)",39,36
220fdeb8,0,43.1463,,"(42.0, 45.0, True)",42,45
224d5423,1,37.2294,,"(38.0, 38.0, True)",38,38
2256d68f,1,38.4755,,"(40.0, 38.0, True)",40,38
22679531,1,35.6334,,"(38.0, 39.0, True)",38,39
2281fa30,1,41.4386,,"(47.0, 50.0, True)",47,50
22b5520d,1,34.4721,,"(39.0, 31.0, True)",39,31
22d5ef75,0,44.4586,,"(39.0, 50.0, True)",39,50
22f9a871,1,33.635,,"(49.0, 42.0, True)",49,42
23067646,1,35.2945,,"(39.0, 34.0, True)",39,34
2330d08a,0,37.1962,,"(38.0, 39.0, True)",38,39
2334265c,1,40.3944,,"(37.0, 36.0, True)",37,36
2336fe9c,1,34.4721,,"(33.0, 36.0, True)",33,36
23f30ff1,1,39.234,,"(39.0, 36.0, True)",39,36
23fbfa2e,1,44.5984,,"(36.0, 39.0, True)",36,39
244f8117,0,na,,"(36.0, 37.0, True)",36,37
246a9cf9,0,38.0583,,"(35.0, 35.0, True)",35,35
24720922,0,37.2428,,"(33.0, 40.0, True)",33,40
249dac4a,1,42.5591,,"(38.0, 34.0, True)",38,34
24b80632,1,39.6261,,"(38.0, 35.0, True)",38,35
24d42321,1,38.4591,,"(40.0, 38.0, True)",40,38
25099fdb,1,40.4067,,"(33.0, 34.0, True)",33,34
2516509b,0,38.1403,,"(37.0, 35.0, True)",37,35
251cbbb3,0,41.8393,,"(41.0, 37.0, True)",41,37
2539742b,0,na,,"(38.0, 41.0, True)",38,41
25653d70,0,33.2077,,"(38.0, 37.0, True)",38,37
256a8dc2,1,44.6196,,"(34.0, 37.0, True)",34,37
25728745,1,45.2901,,"(37.0, 36.0, True)",37,36
258ae38c,1,39.2325,,"(38.0, 42.0, False)",38,42
25ce9d84,0,35.6526,,"(41.0, 44.0, True)",41,44
25d6248f,0,35.7863,,"(31.0, 37.0, True)",31,37
261d5678,0,37.2428,,"(41.0, 46.0, True)",41,46
266d249e,0,43.2328,,"(37.0, 30.0, True)",37,30
267afe4f,0,40.4366,,"(39.0, 36.0, True)",39,36
267dcb11,0,33.2169,,"(37.0, 34.0, True)",37,34
26d5cd61,0,38.7507,,"(41.0, 47.0, True)",41,47
26e49ee1,0,38.7487,,"(42.0, 50.0, True)",42,50
26f7b798,0,45.2393,,"(27.0, 33.0, True)",27,33
26fb0d4f,1,43.2611,,"(34.0, 34.0, True)",34,34
271f93f4,0,35.6256,,"(33.0, 35.0, True)",33,35
2757a316,0,na,,"(37.0, 36.0, True)",37,36
275c2a27,0,39.647,,"(37.0, 37.0, True)",37,37
278ccc7f,1,43.2559,,"(33.0, 36.0, True)",33,36
27ac12ee,1,36.9198,,"(35.0, 40.0, True)",35,40
28224273,0,na,,"(37.0, 37.0, True)",37,37
28612c22,1,40.4052,,"(43.0, 35.0, True)",43,35
28758181,1,33.6523,,"(41.0, 40.0, False)",41,40
28c78338,0,43.0876,,"(41.0, 28.0, True)",41,28
28de1d17,0,42.5376,,"(36.0, 23.0, True)",36,23
28f7ea4d,0,34.0467,,"(38.0, 34.0, True)",38,34
29039eaa,1,45.356,,"(37.0, 34.0, True)",37,34
291c8713,1,36.1061,,"(42.0, 30.0, True)",42,30
292af507,1,39.9795,,"(37.0, 46.0, True)",37,46
294fd9e6,0,34.8705,,"(36.0, 34.0, True)",36,34
2951d5a2,0,42.5612,,"(46.0, 51.0, True)",46,51
296aba5b,1,36.1061,,"(36.0, 34.0, True)",36,34
29795667,1,44.615,,"(36.0, 37.0, True)",36,37
298f49d1,1,40.7118,,"(43.0, 49.0, True)",43,49
299c9b05,1,45.2814,,"(38.0, 36.0, True)",38,36
29ad22d1,1,38.1062,,"(37.0, 35.0, True)",37,35
29c69ecb,1,43.2611,,"(44.0, 33.0, True)",44,33
2a17f6c4,0,33.2251,,"(36.0, 29.0, True)",36,29
2a3f1b90,0,24.7546,,"(38.0, 34.0, True)",38,34
2a73c7e8,0,na,,"(37.0, 37.0, True)",37,37
2abe1a3d,1,42.1483,,"(51.0, 49.0, True)",51,49
2acd2386,1,34.4721,,"(32.0, 39.0, True)",32,39
2b2a2862,0,41.8664,,"(35.0, 38.0, True)",35,38
2b88818c,1,42.5591,,"(40.0, 36.0, True)",40,36
2b92dadd,0,na,,"(39.0, 34.0, True)",39,34
2bcec785,0,31.384,,"(42.0, 40.0, True)",42,40
2c039c2f,1,37.6894,,"(40.0, 34.0, True)",40,34
2c4668f9,1,34.0021,,"(37.0, 38.0, True)",37,38
2c5a3ed7,1,40.3944,,"(38.0, 39.0, True)",38,39
2c95c823,1,43.2697,,"(40.0, 34.0, True)",40,34
2cc2bcec,1,38.4741,,"(33.0, 35.0, True)",33,35
2d0224a0,0,45.1214,,"(39.0, 35.0, True)",39,35
2d0612ad,0,41.1289,,"(34.0, 40.0, True)",34,40
2d253f1c,0,39.6636,,"(38.0, 27.0, True)",38,27
2d272de7,0,39.6982,,"(35.0, 36.0, True)",35,36
2d29483b,0,33.1877,,"(37.0, 33.0, True)",37,33
2d348f42,1,40.3449,,"(36.0, 34.0, True)",36,34
2d736d0a,0,44.0359,,"(31.0, 26.0, True)",31,26
2d8a438e,0,33.0556,,"(40.0, 40.0, True)",40,40
2d8ace41,1,35.6588,,"(36.0, 36.0, True)",36,36
2d9d69ec,0,42.4142,,"(37.0, 32.0, True)",37,32
2dcfd785,0,33.0605,,"(38.0, 34.0, False)",38,34
2dfb666c,1,45.2859,,"(34.0, 37.0, True)",34,37
2e4eb968,1,34.4709,,"(38.0, 31.0, True)",38,31
2e5462d9,0,na,,"(41.0, 34.0, True)",41,34
2e5ba8a2,0,40.9588,,"(37.0, 40.0, True)",37,40
2e5c433c,1,33.634,,"(30.0, 32.0, True)",30,32
2e8b64a0,1,40.3797,,"(38.0, 37.0, True)",38,37
2ea3c9f1,0,na,,"(25.0, 27.0, False)",25,27
2ed64fa3,0,34.0424,,"(37.0, 36.0, True)",37,36
2f23d622,0,40.367,,"(35.0, 36.0, True)",35,36
2f2975c0,0,34.9664,,"(38.0, 33.0, True)",38,33
2f349ae8,1,44.6246,,"(38.0, 38.0, True)",38,38
2f881d78,0,45.927,,"(36.0, 36.0, True)",36,36
2ff98f07,1,39.2166,,"(40.0, 37.0, True)",40,37
30081a03,1,38.0648,,"(34.0, 35.0, True)",34,35
301293ea,1,35.2957,,"(38.0, 34.0, True)",38,34
3062fca8,1,39.9627,,"(40.0, 41.0, True)",40,41
308fc1fe,0,42.4625,,"(34.0, 39.0, True)",34,39
30911a15,0,39.6382,,"(36.0, 50.0, True)",36,50
309b5423,0,40.9855,,"(53.0, 44.0, True)",53,44
309d22b9,0,na,,"(38.0, 34.0, True)",38,34
30b0cd50,0,32.4245,,"(43.0, 36.0, True)",43,36
30e3bc27,1,38.4752,,"(37.0, 37.0, True)",37,37
311438b5,1,34.4718,,"(35.0, 35.0, True)",35,35
31474e5b,1,36.1227,,"(35.0, 39.0, True)",35,39
3184b47a,0,33.9014,,"(38.0, 40.0, True)",38,40
318a28af,0,43.9933,,"(33.0, 35.0, True)",33,35
31da1a04,1,34.4751,,"(33.0, 37.0, True)",33,37
31dc0991,1,44.6196,,"(36.0, 35.0, True)",36,35
31e37d93,0,40.296,,"(33.0, 35.0, True)",33,35
32100ae2,1,35.2957,,"(38.0, 36.0, True)",38,36
32580a22,0,34.8702,,"(34.0, 38.0, True)",34,38
325a4fad,1,36.9022,,"(37.0, 32.0, True)",37,32
3268312d,0,34.0184,,"(37.0, 33.0, True)",37,33
328b74f4,0,na,,"(37.0, 32.0, True)",37,32
328e68bd,0,na,,"(36.0, 38.0, True)",36,38
32b4a247,1,45.2814,,"(39.0, 39.0, True)",39,39
32bcfbb7,1,39.2166,,"(34.0, 33.0, True)",34,33
32c0ddb7,1,42.559,,"(39.0, 37.0, True)",39,37
32e6a3f7,0,36.4505,,"(37.0, 34.0, True)",37,34
32f5ee95,0,na,,"(36.0, 35.0, True)",36,35
33068a0e,0,36.3702,,"(40.0, 41.0, True)",40,41
33ea96d2,0,40.4405,,"(36.0, 31.0, True)",36,31
33f313c3,1,45.2859,,"(33.0, 35.0, True)",33,35
34149d63,1,41.8664,,"(36.0, 38.0, True)",36,38
3477579e,1,42.1265,,"(41.0, 44.0, True)",41,44
348fb24c,0,41.7052,,"(41.0, 49.0, True)",41,49
34c4cb79,0,35.675,,"(37.0, 32.0, True)",37,32
35053475,0,45.1181,,"(38.0, 47.0, True)",38,47
35080d73,1,43.267,,"(39.0, 35.0, True)",39,35
352d238a,1,32.7838,,"(35.0, 35.0, True)",35,35
356f8d3a,1,36.9198,,"(35.0, 40.0, True)",35,40
35a8236c,0,41.1346,,"(35.0, 34.0, True)",35,34
35ac7dc2,1,42.5644,,"(37.0, 34.0, True)",37,34
35ba270d,0,42.5128,,"(39.0, 35.0, True)",39,35
36133430,0,40.4061,,"(30.0, 34.0, True)",30,34
364a544e,1,40.3958,,"(37.0, 34.0, True)",37,34
3655bf6c,0,33.0797,,"(41.0, 44.0, True)",41,44
3663415e,0,44.4459,,"(42.0, 47.0, True)",42,47
36827c58,0,41.8582,,"(40.0, 45.0, True)",40,45
36f28ec6,0,41.0513,,"(36.0, 39.0, True)",36,39
3741117d,1,36.9034,,"(38.0, 35.0, True)",38,35
37707ccf,0,38.1366,,"(38.0, 35.0, True)",38,35
379e9548,0,36.4987,,"(38.0, 35.0, True)",38,35
37f93675,1,39.6426,,"(38.0, 37.0, True)",38,37
3815445e,0,34.1367,,"(36.0, 36.0, True)",36,36
388c5565,1,35.2987,,"(35.0, 35.0, True)",35,35
389d7eaf,0,na,,"(36.0, 36.0, True)",36,36
38b16888,1,36.9034,,"(27.0, 31.0, True)",27,31
38b7eca7,1,33.635,,"(36.0, 30.0, True)",36,30
390938d4,1,38.4741,,"(39.0, 42.0, True)",39,42
39a88042,0,34.1216,,"(37.0, 41.0, True)",37,41
39fd995a,0,na,,"(36.0, 32.0, True)",36,32
3a0344b8,1,37.6877,,"(36.0, 36.0, True)",36,36
3a32ee9b,1,43.946,,"(38.0, 39.0, True)",38,39
3a75c2d6,1,45.2853,,"(38.0, 34.0, True)",38,34
3a75d8bc,0,36.3984,,"(41.0, 28.0, True)",41,28
3aac67cd,1,44.624,,"(35.0, 36.0, True)",35,36
3ab15430,0,37.338,,"(40.0, 33.0, True)",40,33
3ae035d9,0,45.8822,,"(37.0, 35.0, True)",37,35
3b0163d1,0,33.4034,,"(38.0, 40.0, True)",38,40
3b24972b,0,41.8582,,"(39.0, 44.0, True)",39,44
3b431e27,1,41.877,,"(45.0, 35.0, True)",45,35
3b43490b,0,na,,"(35.0, 35.0, True)",35,35
3b716f7c,1,36.9052,,"(36.0, 30.0, True)",36,30
3b81a400,0,36.5862,,"(36.0, 46.0, True)",36,46
3b87fc19,0,33.0644,,"(37.0, 34.0, True)",37,34
3bbdc809,1,43.256,,"(39.0, 33.0, True)",39,33
3bc2cad2,0,35.7863,,"(34.0, 42.0, True)",34,42
3bc5d385,0,38.1024,,"(39.0, 34.0, True)",39,34
3bc6f607,1,40.7118,,"(42.0, 50.0, True)",42,50
3c258588,0,42.6404,,"(36.0, 36.0, True)",36,36
3c546105,0,39.5211,,"(39.0, 38.0, True)",39,38
3c674328,1,42.5644,,"(38.0, 32.0, True)",38,32
3c794f0c,1,41.8544,,"(44.0, 33.0, True)",44,33
3c866636,0,na,,"(35.0, 27.0, True)",35,27
3c98959e,1,44.0373,,"(37.0, 35.0, True)",37,35
3cbf9912,1,42.5682,,"(38.0, 34.0, True)",38,34
3ce725ca,0,40.9784,,"(39.0, 45.0, True)",39,45
3cef79cb,0,32.4245,,"(40.0, 31.0, True)",40,31
3d24353c,0,31.4597,,"(41.0, 42.0, True)",41,42
3e07a2a6,0,38.1382,,"(38.0, 35.0, True)",38,35
3e21b615,1,39.5835,,"(38.0, 36.0, True)",38,36
3e241d35,1,40.7118,,"(50.0, 47.0, True)",50,47
3e5ec769,0,40.3814,,"(41.0, 50.0, True)",41,50
3e8f7125,0,37.97,,"(41.0, 47.0, True)",41,47
3efd725b,1,42.5656,,"(36.0, 35.0, True)",36,35
3f01fa55,1,39.2166,,"(36.0, 35.0, True)",36,35
3f024bd5,0,39.6602,,"(37.0, 34.0, True)",37,34
3f3813ca,0,38.7591,,"(38.0, 48.0, True)",38,48
3f6778c5,1,33.6523,,"(39.0, 36.0, True)",39,36
3f6e7136,0,30.6966,,"(36.0, 35.0, True)",36,35
3fec3dcf,0,39.509,,"(37.0, 39.0, True)",37,39
404ef525,1,38.8594,,"(37.0, 36.0, True)",37,36
4068c6ad,1,43.946,,"(37.0, 34.0, True)",37,34
4071fcf3,0,43.9873,,"(47.0, 29.0, True)",47,29
4076392e,0,45.2181,,"(42.0, 35.0, True)",42,35
4082b192,1,36.1049,,"(34.0, 32.0, True)",34,32
411425e6,1,32.265,,"(31.0, 37.0, True)",31,37
41477516,1,39.9784,,"(37.0, 40.0, True)",37,40
417854dc,0,43.3388,,"(34.0, 34.0, True)",34,34
4184f356,0,43.8456,,"(42.0, 55.0, True)",42,55
41e04309,1,42.559,,"(34.0, 36.0, True)",34,36
41fb321a,0,na,,"(36.0, 36.0, True)",36,36
420de859,0,37.161,,"(41.0, 37.0, True)",41,37
4283f28a,0,na,,"(42.0, 37.0, True)",42,37
42a86b3a,0,na,,"(38.0, 36.0, True)",38,36
42d5bfdb,0,41.2,,"(40.0, 47.0, True)",40,47
430f9c05,0,35.7863,,"(37.0, 38.0, True)",37,38
43135317,0,43.8284,,"(37.0, 41.0, True)",37,41
434c4170,1,33.6352,,"(37.0, 31.0, True)",37,31
43637b8a,0,na,,"(35.0, 36.0, True)",35,36
43639bfa,1,38.05,,"(39.0, 35.0, True)",39,35
43966b7c,0,42.5128,,"(34.0, 36.0, True)",34,36
439bae96,1,37.6906,,"(33.0, 33.0, False)",33,33
440fa270,0,32.1906,,"(41.0, 32.0, True)",41,32
4422c0d1,1,45.2859,,"(36.0, 36.0, True)",36,36
4474eb06,1,42.5591,,"(34.0, 38.0, True)",34,38
447b145c,0,42.5128,,"(36.0, 34.0, True)",36,34
44ed1785,1,40.3904,,"(37.0, 35.0, True)",37,35
44fee0dc,1,42.5598,,"(36.0, 37.0, True)",36,37
452959fc,1,34.0021,,"(41.0, 37.0, True)",41,37
456d6182,1,39.234,,"(40.0, 40.0, False)",40,40
4575aa18,1,42.5656,,"(31.0, 38.0, True)",31,38
457f6c59,1,39.2325,,"(47.0, 48.0, True)",47,48
45aae75f,0,43.2964,,"(41.0, 37.0, False)",41,37
45ea7f74,0,39.5095,,"(40.0, 51.0, True)",40,51
4621b841,0,34.7369,,"(38.0, 38.0, True)",38,38
4673de2a,1,39.2166,,"(39.0, 35.0, True)",39,35
46b7ebab,1,34.4718,,"(56.0, 25.0, True)",56,25
46c85664,1,43.951,,"(36.0, 35.0, True)",36,35
46cd533d,0,45.3654,,"(40.0, 35.0, True)",40,35
46de17e9,0,38.9007,,"(36.0, 36.0, True)",36,36
4712eece,0,42.5093,,"(37.0, 34.0, True)",37,34
471b4962,1,34.4709,,"(36.0, 31.0, False)",36,31
47377a6d,1,45.2814,,"(41.0, 37.0, True)",41,37
4761ba29,0,34.8978,,"(40.0, 32.0, True)",40,32
4766f967,1,42.8454,,"(36.0, 52.0, True)",36,52
4777aa81,0,41.7568,,"(38.0, 38.0, True)",38,38
479620e5,0,43.4731,,"(46.0, 36.0, True)",46,36
47e9b7d5,1,38.8085,,"(41.0, 35.0, True)",41,35
47f0178a,1,38.0736,,"(36.0, 36.0, True)",36,36
4832f44f,1,43.2611,,"(36.0, 36.0, False)",36,36
48d78e40,1,37.2598,,"(39.0, 38.0, True)",39,38
492b5f24,1,36.1058,,"(40.0, 36.0, True)",40,36
492bb0d3,0,33.0766,,"(43.0, 49.0, True)",43,49
49ce0750,0,45.8592,,"(35.0, 33.0, True)",35,33
49f4d394,0,41.8505,,"(39.0, 32.0, True)",39,32
49f9ebbf,0,34.8808,,"(49.0, 34.0, True)",49,34
4a1c2a02,1,35.2945,,"(38.0, 30.0, True)",38,30
4a206e14,0,43.9194,,"(37.0, 46.0, True)",37,46
4a35362f,0,38.9249,,"(36.0, 35.0, True)",36,35
4a4cb034,0,43.9392,,"(40.0, 36.0, True)",40,36
4a57e4e6,1,38.4591,,"(41.0, 36.0, True)",41,36
4a77d02f,1,36.1061,,"(36.0, 34.0, True)",36,34
4acfe35a,0,34.9664,,"(37.0, 42.0, True)",37,42
4ae3bbc4,0,38.2732,,"(39.0, 39.0, True)",39,39
4afbbcfc,0,35.7354,,"(39.0, 33.0, True)",39,33
4b1a6229,1,43.2611,,"(33.0, 36.0, True)",33,36
4b453753,0,41.9194,,"(36.0, 35.0, True)",36,35
4b5201f0,1,39.6535,,"(35.0, 37.0, True)",35,37
4b5591fe,0,39.6393,,"(44.0, 44.0, True)",44,44
4b58ca02,1,36.9034,,"(39.0, 38.0, True)",39,38
4b68ae4c,0,39.669200000000004,,"(36.0, 45.0, True)",36,45
4b8f2c22,0,43.7944,,"(38.0, 38.0, True)",38,38
4b951984,1,37.2802,,"(37.0, 36.0, True)",37,36
4bc45388,0,33.923,,"(34.0, 36.0, True)",34,36
4be9117c,0,39.5936,,"(41.0, 40.0, True)",41,40
4bed2ea0,1,41.1016,,"(35.0, 36.0, True)",35,36
4c060a7f,0,42.4026,,"(37.0, 39.0, True)",37,39
4c114b6f,1,40.7177,,"(46.0, 49.0, True)",46,49
4c16ee8c,0,33.9415,,"(44.0, 33.0, True)",44,33
4ca1a8d3,0,41.9264,,"(38.0, 41.0, True)",38,41
4cb1ed34,1,45.2909,,"(36.0, 35.0, True)",36,35
4cb68941,0,33.136,,"(38.0, 31.0, True)",38,31
4ce099f3,0,36.4444,,"(37.0, 39.0, True)",37,39
4cf25fd9,1,33.6352,,"(36.0, 35.0, True)",36,35
4cf34809,1,43.2564,,"(37.0, 36.0, True)",37,36
4cf47a74,1,40.3416,,"(38.0, 35.0, True)",38,35
4cfc3a18,0,43.8306,,"(35.0, 39.0, True)",35,39
4cfca6da,1,34.4721,,"(35.0, 37.0, True)",35,37
4d57fe03,1,32.265,,"(35.0, 42.0, True)",35,42
4d665e8c,1,40.3958,,"(37.0, 36.0, True)",37,36
4d6f2076,0,42.4133,,"(39.0, 38.0, True)",39,38
4de56b05,0,30.6838,,"(34.0, 36.0, True)",34,36
4e19d73c,0,43.1463,,"(35.0, 39.0, True)",35,39
4e7a22f6,1,31.0434,,"(39.0, 37.0, True)",39,37
4ea48c18,0,37.326,,"(32.0, 33.0, True)",32,33
4f238e36,0,36.5287,,"(37.0, 33.0, True)",37,33
4f29af47,1,38.8594,,"(37.0, 36.0, True)",37,36
4f3f4169,0,34.1367,,"(37.0, 47.0, True)",37,47
4fa6d8ae,0,36.5411,,"(43.0, 33.0, True)",43,33
4fc3bb48,1,39.9784,,"(48.0, 48.0, True)",48,48
4fd7600f,0,42.4473,,"(39.0, 44.0, True)",39,44
4fe594cf,0,33.0525,,"(39.0, 36.0, True)",39,36
4ff0b518,1,40.7118,,"(49.0, 51.0, False)",49,51
502a8388,1,31.0446,,"(38.0, 34.0, True)",38,34
503d5f51,0,44.5834,,"(43.0, 35.0, True)",43,35
50853a36,1,37.6877,,"(36.0, 35.0, True)",36,35
509eece8,0,na,,"(36.0, 37.0, True)",36,37
50e84584,1,40.7129,,"(45.0, 51.0, True)",45,51
50fe4eeb,1,34.4721,,"(36.0, 33.0, True)",36,33
5158d9cd,1,42.5598,,"(36.0, 36.0, False)",36,36
5196228c,1,45.3644,,"(40.0, 39.0, True)",40,39
51af2ec6,0,36.4447,,"(37.0, 35.0, True)",37,35
51cb8ffc,1,36.123,,"(38.0, 35.0, True)",38,35
51cc4525,0,38.9177,,"(36.0, 40.0, True)",36,40
51e96360,1,31.0434,,"(36.0, 40.0, True)",36,40
51e9dd28,1,38.4755,,"(38.0, 45.0, True)",38,45
51f0ef77,1,45.9276,,"(37.0, 34.0, True)",37,34
5210b709,0,45.3867,,"(37.0, 35.0, True)",37,35
5252b669,1,41.4185,,"(32.0, 34.0, True)",32,34
525ab75c,0,35.7829,,"(38.0, 42.0, True)",38,42
527bc702,0,41.9264,,"(40.0, 42.0, True)",40,42
52d8851b,1,39.2166,,"(38.0, 38.0, True)",38,38
5316efdf,1,42.5642,,"(39.0, 35.0, True)",39,35
538701d0,1,40.7186,,"(52.0, 48.0, True)",52,48
53b2d26b,0,36.4256,,"(33.0, 48.0, True)",33,48
5400fdf1,0,36.5593,,"(37.0, 34.0, True)",37,34
542dc0f1,1,32.7838,,"(32.0, 40.0, True)",32,40
544d0681,0,na,,"(38.0, 36.0, True)",38,36
54523e81,0,37.3325,,"(55.0, 28.0, True)",55,28
54673bc9,0,38.1366,,"(62.0, 21.0, True)",62,21
546c9a11,1,34.4709,,"(35.0, 36.0, True)",35,36
548cff84,1,43.946,,"(41.0, 32.0, True)",41,32
54b0da58,0,42.7613,,"(33.0, 35.0, True)",33,35
54c3d59a,1,42.5644,,"(35.0, 36.0, True)",35,36
54cc4bbe,0,41.792,,"(37.0, 35.0, True)",37,35
551856d8,0,na,,"(38.0, 36.0, True)",38,36
558288bf,0,45.1238,,"(37.0, 39.0, True)",37,39
5587d806,1,42.5598,,"(39.0, 36.0, True)",39,36
55a724b1,0,34.7521,,"(39.0, 38.0, True)",39,38
55dd56ce,1,34.4718,,"(39.0, 29.0, True)",39,29
56029b57,0,33.9214,,"(42.0, 45.0, True)",42,45
56054fb5,0,36.7033,,"(36.0, 41.0, True)",36,41
56426f39,1,33.634,,"(37.0, 37.0, True)",37,37
56929c16,0,41.1769,,"(36.0, 33.0, True)",36,33
569f5df3,1,34.8455,,"(38.0, 38.0, True)",38,38
56be26ac,0,43.851,,"(32.0, 34.0, True)",32,34
56c8639e,0,42.5075,,"(38.0, 35.0, True)",38,35
56f59b5b,1,40.7177,,"(53.0, 49.0, True)",53,49
573948d6,1,39.2337,,"(38.0, 39.0, True)",38,39
574a1da7,1,39.234,,"(43.0, 44.0, True)",43,44
57a7eee8,0,38.0216,,"(42.0, 47.0, True)",42,47
57efa83d,1,39.2175,,"(44.0, 46.0, False)",44,46
5801c349,0,41.7067,,"(50.0, 34.0, True)",50,34
58338e99,0,38.9189,,"(32.0, 34.0, True)",32,34
5839ea4d,1,43.2593,,"(37.0, 35.0, True)",37,35
583cdab3,1,39.2166,,"(56.0, 39.0, True)",56,39
586b3dee,0,39.6536,,"(32.0, 11.0, True)",32,11
58835983,0,na,,"(35.0, 38.0, True)",35,38
58ae9d78,1,37.6866,,"(41.0, 40.0, True)",41,40
58b2aaa0,1,45.2859,,"(37.0, 36.0, True)",37,36
58ddb35b,0,34.0424,,"(39.0, 32.0, True)",39,32
591c1990,0,43.2263,,"(38.0, 36.0, True)",38,36
591cfa77,0,31.3403,,"(44.0, 46.0, True)",44,46
5922e495,0,38.9177,,"(37.0, 38.0, True)",37,38
59847a24,0,35.7333,,"(36.0, 33.0, True)",36,33
598b87f2,1,39.591,,"(39.0, 37.0, True)",39,37
5994c53a,0,43.2107,,"(37.0, 35.0, True)",37,35
59faf76c,1,43.9204,,"(36.0, 36.0, False)",36,36
5a3d8224,0,na,,"(39.0, 36.0, True)",39,36
5a501d33,0,45.3562,,"(37.0, 35.0, True)",37,35
5a869fac,1,36.9034,,"(39.0, 34.0, True)",39,34
5a925c68,1,39.9784,,"(54.0, 44.0, True)",54,44
5a962d7c,0,na,,"(37.0, 37.0, True)",37,37
5ac3030b,0,43.2207,,"(35.0, 35.0, True)",35,35
5b7b88d2,1,38.8594,,"(37.0, 39.0, True)",37,39
5bbdfc71,0,na,,"(36.0, 32.0, True)",36,32
5bf1ac8e,1,40.7186,,"(47.0, 50.0, True)",47,50
5c3315e9,0,42.4078,,"(42.0, 49.0, True)",42,49
5c5cd0b7,1,36.1088,,"(33.0, 36.0, True)",33,36
5c65b4d1,0,33.1988,,"(40.0, 36.0, True)",40,36
5cb21dc1,0,36.55,,"(37.0, 26.0, True)",37,26
5d500eef,0,43.1225,,"(35.0, 35.0, True)",35,35
5d58d936,1,38.8537,,"(34.0, 37.0, True)",34,37
5d9fd419,0,43.1096,,"(38.0, 37.0, True)",38,37
5dea1266,1,44.6139,,"(37.0, 34.0, True)",37,34
5e07355a,1,44.6246,,"(38.0, 35.0, True)",38,35
5e798f71,1,43.2619,,"(36.0, 35.0, True)",36,35
5f08c717,0,34.0188,,"(38.0, 32.0, True)",38,32
5f3397e6,0,37.3779,,"(39.0, 43.0, True)",39,43
5f477182,0,42.542,,"(30.0, 29.0, False)",30,29
5f49ea3b,0,na,,"(37.0, 34.0, True)",37,34
5f4c8750,0,39.5372,,"(39.0, 39.0, True)",39,39
5f6546a1,0,41.8488,,"(35.0, 49.0, True)",35,49
5fb98756,1,36.9022,,"(40.0, 30.0, True)",40,30
5fc0106f,0,41.9308,,"(49.0, 28.0, True)",49,28
5fe2d101,0,43.1073,,"(42.0, 49.0, False)",42,49
5ff4495d,1,39.9638,,"(35.0, 40.0, True)",35,40
601cdc58,0,43.3577,,"(37.0, 34.0, True)",37,34
60227188,0,37.3796,,"(37.0, 36.0, True)",37,36
606412bc,1,40.3904,,"(39.0, 34.0, True)",39,34
6071a6f2,1,43.2624,,"(37.0, 35.0, True)",37,35
60ad0aa8,1,35.2954,,"(37.0, 30.0, False)",37,30
60b72c27,0,38.7238,,"(38.0, 46.0, True)",38,46
60bb1382,1,40.4175,,"(70.0, 33.0, True)",70,33
60bcf9a7,1,36.1061,,"(35.0, 39.0, True)",35,39
60f72281,1,43.2619,,"(38.0, 37.0, True)",38,37
616733d1,0,33.2936,,"(37.0, 45.0, True)",37,45
617bf094,0,38.9194,,"(37.0, 34.0, True)",37,34
617e8264,1,42.559,,"(40.0, 35.0, True)",40,35
618ac08e,1,42.1486,,"(45.0, 51.0, False)",45,51
6193508c,0,38.9108,,"(38.0, 32.0, True)",38,32
61939c43,0,37.3624,,"(38.0, 26.0, True)",38,26
61b6c3d4,0,43.9548,,"(36.0, 26.0, True)",36,26
61d45f63,1,42.1428,,"(44.0, 47.0, False)",44,47
6212bcc2,1,33.6352,,"(36.0, 31.0, True)",36,31
6253153f,0,45.2653,,"(35.0, 36.0, True)",35,36
626bcc9c,1,37.6904,,"(27.0, 40.0, False)",27,40
627e2a68,0,32.3663,,"(29.0, 40.0, True)",29,40
62db82b6,1,38.8537,,"(36.0, 38.0, True)",36,38
62e844e7,1,39.2166,,"(32.0, 35.0, True)",32,35
6332531e,0,34.8721,,"(37.0, 33.0, True)",37,33
638b3f0a,0,31.5797,,"(37.0, 37.0, True)",37,37
63aae86a,0,na,,"(37.0, 37.0, True)",37,37
63d1eca4,0,42.7705,,"(38.0, 35.0, True)",38,35
63d60bde,1,36.9034,,"(35.0, 35.0, True)",35,35
63e86eae,1,40.7177,,"(48.0, 52.0, False)",48,52
6445480e,1,42.5644,,"(39.0, 35.0, True)",39,35
646f6db3,1,41.1227,,"(40.0, 35.0, True)",40,35
64e98469,0,na,,"(38.0, 37.0, True)",38,37
653f198a,1,39.234,,"(38.0, 38.0, True)",38,38
65460dbe,0,35.6698,,"(36.0, 35.0, True)",36,35
65951e77,1,45.2859,,"(38.0, 35.0, True)",38,35
65979231,0,35.7863,,"(36.0, 37.0, True)",36,37
659ecb23,0,42.0554,,"(37.0, 33.0, True)",37,33
65a8e79e,0,35.6581,,"(36.0, 34.0, True)",36,34
65b52c55,0,41.205,,"(38.0, 31.0, True)",38,31
65ca9e76,0,na,,"(36.0, 35.0, True)",36,35
66037a88,1,33.6393,,"(39.0, 42.0, True)",39,42
66038fe6,1,44.7382,,"(36.0, 34.0, True)",36,34
660a98a7,0,na,,"(36.0, 31.0, True)",36,31
66348d03,0,41.1342,,"(37.0, 36.0, True)",37,36
66c602c1,1,33.6352,,"(38.0, 40.0, True)",38,40
66d17828,0,43.1096,,"(37.0, 38.0, True)",37,38
66dbf620,0,31.3119,,"(39.0, 38.0, True)",39,38
66ea2fbd,1,36.1061,,"(38.0, 31.0, True)",38,31
66f454c8,1,44.6201,,"(38.0, 39.0, True)",38,39
6706ea46,1,36.1091,,"(35.0, 34.0, True)",35,34
6738197b,1,36.4332,,"(44.0, 41.0, True)",44,41
678ca706,0,42.5577,,"(40.0, 34.0, True)",40,34
67b63f9a,1,37.6866,,"(34.0, 35.0, True)",34,35
67cdcd2f,0,30.4869,,"(34.0, 33.0, True)",34,33
680f2867,0,44.852,,"(35.0, 34.0, True)",35,34
68290b20,1,38.458,,"(36.0, 37.0, False)",36,37
682d8246,0,40.981700000000004,,"(41.0, 46.0, True)",41,46
68315739,0,34.0974,,"(38.0, 28.0, True)",38,28
6840d35d,0,39.6531,,"(49.0, 30.0, True)",49,30
68a20f15,0,na,,"(33.0, 36.0, True)",33,36
68a80de0,1,33.6352,,"(34.0, 39.0, True)",34,39
68d59566,0,na,,"(31.0, 32.0, True)",31,32
68d78592,0,38.9425,,"(54.0, 35.0, True)",54,35
68d82a0f,0,38.744,,"(39.0, 46.0, True)",39,46
691efc6d,0,39.5965,,"(35.0, 39.0, True)",35,39
693a954a,1,44.6239,,"(38.0, 36.0, True)",38,36
699105e7,1,39.545,,"(37.0, 35.0, True)",37,35
6a182742,0,31.3685,,"(36.0, 36.0, True)",36,36
6a442c89,0,33.923,,"(37.0, 35.0, True)",37,35
6a448740,1,39.9635,,"(33.0, 33.0, False)",33,33
6a9478ad,1,35.2957,,"(36.0, 35.0, True)",36,35
6abe8d67,1,36.9032,,"(33.0, 44.0, False)",33,44
6b37488d,1,44.5936,,"(37.0, 36.0, True)",37,36
6b3e62d4,1,40.3726,,"(40.0, 35.0, True)",40,35
6c0ecb88,0,34.1271,,"(32.0, 36.0, True)",32,36
6c166fcb,1,39.234,,"(37.0, 34.0, True)",37,34
6c542180,0,35.7707,,"(39.0, 30.0, True)",39,30
6c905a48,1,42.5742,,"(35.0, 37.0, True)",35,37
6cb7c7c6,1,38.4617,,"(35.0, 33.0, True)",35,33
6ce4fc19,1,35.2945,,"(36.0, 35.0, True)",36,35
6d21ed76,1,38.4752,,"(36.0, 46.0, True)",36,46
6d7beb67,1,44.615,,"(37.0, 34.0, True)",37,34
6d819682,1,38.0449,,"(35.0, 37.0, True)",35,37
6d81d201,1,37.2802,,"(40.0, 35.0, True)",40,35
6dfd6633,1,39.2325,,"(45.0, 48.0, True)",45,48
6e50e78e,0,40.3732,,"(34.0, 35.0, True)",34,35
6e6c1c76,1,34.4721,,"(37.0, 29.0, True)",37,29
6e73071d,0,35.6233,,"(40.0, 34.0, True)",40,34
6e9b3b19,1,39.2166,,"(34.0, 33.0, True)",34,33
6e9d5935,1,39.556,,"(38.0, 38.0, True)",38,38
6eadafef,0,32.251,,"(33.0, 35.0, True)",33,35
6edf8ef7,0,43.2925,,"(36.0, 39.0, True)",36,39
6f17c8e6,0,34.0473,,"(34.0, 32.0, True)",34,32
6f17e58c,0,39.4991,,"(42.0, 43.0, True)",42,43
6fa53d41,0,41.9165,,"(33.0, 37.0, True)",33,37
70117946,1,36.9063,,"(35.0, 36.0, True)",35,36
70446435,0,na,,"(35.0, 35.0, True)",35,35
7052a617,0,33.8975,,"(32.0, 41.0, True)",32,41
707604d3,1,43.9204,,"(33.0, 37.0, True)",33,37
707b3866,1,37.6877,,"(42.0, 33.0, False)",42,33
707c2bb1,1,38.0144,,"(37.0, 38.0, True)",37,38
70830858,0,43.7895,,"(41.0, 49.0, True)",41,49
70a639ef,0,na,,"(40.0, 35.0, True)",40,35
70dd04b1,1,41.128,,"(36.0, 34.0, True)",36,34
716cbd21,0,44.5928,,"(37.0, 41.0, True)",37,41
717f085c,0,na,,"(37.0, 37.0, True)",37,37
71a0d13b,0,35.7829,,"(34.0, 38.0, True)",34,38
71ca7993,1,40.7118,,"(46.0, 45.0, True)",46,45
71df1b49,0,42.4156,,"(37.0, 38.0, True)",37,38
7229c2ec,0,41.8248,,"(45.0, 37.0, True)",45,37
722a2107,0,38.1357,,"(36.0, 28.0, True)",36,28
72c46573,1,38.4591,,"(36.0, 34.0, True)",36,34
72da83eb,1,40.3797,,"(34.0, 36.0, True)",34,36
7346c439,0,na,,"(36.0, 36.0, True)",36,36
737a9cac,1,32.7878,,"(40.0, 38.0, False)",40,38
73974fa2,0,45.2653,,"(38.0, 35.0, True)",38,35
73efa120,0,na,,"(36.0, 36.0, True)",36,36
73f7e827,1,43.256,,"(35.0, 36.0, True)",35,36
741dbbfc,1,39.9796,,"(44.0, 41.0, True)",44,41
74272c83,1,44.6239,,"(40.0, 39.0, True)",40,39
74565344,0,41.145,,"(37.0, 36.0, True)",37,36
7466c79a,0,35.7863,,"(38.0, 35.0, True)",38,35
74725cf4,1,38.4755,,"(44.0, 44.0, True)",44,44
747cc59f,0,41.21,,"(38.0, 39.0, True)",38,39
74a6e47e,0,43.4731,,"(34.0, 34.0, True)",34,34
74a7b35f,0,32.2599,,"(36.0, 32.0, True)",36,32
74c92938,0,38.2635,,"(41.0, 37.0, True)",41,37
74ca6838,0,34.0453,,"(46.0, 40.0, True)",46,40
750122bb,0,34.9452,,"(37.0, 26.0, True)",37,26
75126706,0,41.7973,,"(39.0, 34.0, True)",39,34
7522fbbe,1,45.2814,,"(37.0, 36.0, True)",37,36
754cb58a,1,36.1061,,"(36.0, 34.0, True)",36,34
755cabe3,1,45.2853,,"(38.0, 34.0, True)",38,34
7572e27e,1,43.9459,,"(36.0, 35.0, True)",36,35
75a2b5de,1,43.2612,,"(38.0, 34.0, True)",38,34
75df937d,1,39.9795,,"(37.0, 31.0, True)",37,31
76412298,0,na,,"(37.0, 36.0, True)",37,36
76ac4153,1,36.1061,,"(32.0, 35.0, True)",32,35
76b8d446,1,39.234,,"(35.0, 35.0, True)",35,35
76bf0e79,0,na,,"(34.0, 35.0, True)",34,35
76f503e2,0,31.3404,,"(32.0, 34.0, True)",32,34
76f74570,1,32.7848,,"(35.0, 36.0, True)",35,36
77358b3e,0,43.9888,,"(34.0, 43.0, True)",34,43
779308ce,0,34.9664,,"(35.0, 41.0, False)",35,41
77c4d851,0,36.55,,"(38.0, 35.0, True)",38,35
77d2d457,0,na,,"(38.0, 37.0, True)",38,37
7810a630,1,41.8554,,"(40.0, 40.0, False)",40,40
7830fc71,0,43.2159,,"(37.0, 35.0, True)",37,35
786ee92d,0,43.9024,,"(34.0, 38.0, True)",34,38
78aa37bd,0,39.4991,,"(35.0, 37.0, True)",35,37
78ce5f90,0,37.2667,,"(38.0, 33.0, True)",38,33
78d8045d,1,38.8594,,"(38.0, 35.0, True)",38,35
78e36c30,1,41.1334,,"(38.0, 38.0, True)",38,38
78ec206c,1,34.4718,,"(43.0, 33.0, True)",43,33
790ede66,1,42.1428,,"(45.0, 45.0, True)",45,45
794293b5,1,43.2663,,"(36.0, 35.0, True)",36,35
7947e997,0,38.1079,,"(35.0, 34.0, True)",35,34
796dfa06,1,40.3958,,"(60.0, 22.0, True)",60,22
796ebe09,1,39.9784,,"(46.0, 56.0, True)",46,56
796ef698,1,41.1227,,"(42.0, 35.0, True)",42,35
796f23d4,0,41.8645,,"(38.0, 24.0, True)",38,24
798dbf45,0,41.8105,,"(38.0, 35.0, False)",38,35
79a6f286,1,34.4721,,"(40.0, 36.0, True)",40,36
79a9f6da,1,38.0736,,"(36.0, 35.0, False)",36,35
79b62cbe,1,39.2325,,"(39.0, 36.0, True)",39,36
79c2a876,1,41.8808,,"(37.0, 36.0, True)",37,36
7a2c68fd,0,45.3668,,"(37.0, 35.0, True)",37,35
7a3b59ac,1,39.234,,"(37.0, 39.0, True)",37,39
7a4a774f,1,37.6877,,"(39.0, 37.0, True)",39,37
7a6149bc,0,na,,"(36.0, 34.0, True)",36,34
7a665fa2,0,43.2697,,"(43.0, 39.0, True)",43,39
7a7aa1a5,0,42.5128,,"(32.0, 36.0, True)",32,36
7a836d1f,0,43.1083,,"(38.0, 39.0, True)",38,39
7a8b58ca,1,36.4792,,"(37.0, 36.0, True)",37,36
7ad49b9a,0,40.4447,,"(37.0, 33.0, True)",37,33
7af72b51,0,37.3141,,"(34.0, 36.0, True)",34,36
7b062647,1,33.9843,,"(36.0, 38.0, True)",36,38
7b2df385,1,43.256,,"(29.0, 42.0, False)",29,42
7b30cb99,0,35.7829,,"(32.0, 38.0, True)",32,38
7b489754,1,40.3904,,"(37.0, 38.0, True)",37,38
7bb3a881,0,38.7238,,"(36.0, 30.0, True)",36,30
7bdbbc72,0,42.5145,,"(39.0, 35.0, True)",39,35
7bf29f35,1,40.4161,,"(38.0, 40.0, True)",38,40
7c45fc15,0,45.2396,,"(31.0, 36.0, True)",31,36
7cc795e7,0,43.7895,,"(49.0, 49.0, True)",49,49
7cdd2db8,1,39.2325,,"(37.0, 39.0, True)",37,39
7ce75dda,0,na,,"(38.0, 34.0, True)",38,34
7ce7d67d,0,42.5664,,"(41.0, 17.0, True)",41,17
7cf1ff70,1,42.5707,,"(40.0, 41.0, True)",40,41
7cf8bd73,1,41.1294,,"(38.0, 36.0, True)",38,36
7d142c31,1,40.3944,,"(37.0, 34.0, True)",37,34
7d3213df,0,36.5155,,"(37.0, 35.0, True)",37,35
7dfdee78,0,na,,"(30.0, 36.0, True)",30,36
7e02f2d0,0,38.9177,,"(38.0, 39.0, True)",38,39
7e17fe59,0,34.8604,,"(38.0, 35.0, True)",38,35
7e1ca845,0,31.3742,,"(35.0, 37.0, True)",35,37
7e26542c,1,43.9459,,"(41.0, 36.0, True)",41,36
7e3044ef,0,41.7662,,"(38.0, 33.0, True)",38,33
7e452214,1,36.4845,,"(40.0, 40.0, True)",40,40
7e4ab13b,1,45.2814,,"(37.0, 35.0, True)",37,35
7e780812,1,38.4755,,"(39.0, 36.0, True)",39,36
7e975fab,1,33.6352,,"(37.0, 37.0, False)",37,37
7ea9222e,1,39.9784,,"(46.0, 50.0, True)",46,50
7eaa1fcb,0,33.1899,,"(40.0, 33.0, True)",40,33
7f13d74d,0,38.1701,,"(40.0, 18.0, True)",40,18
7f1b52ad,1,36.1227,,"(40.0, 41.0, True)",40,41
7f3356fa,1,40.7177,,"(52.0, 51.0, True)",52,51
7f4d606d,0,43.2674,,"(34.0, 36.0, True)",34,36
7f5fd60d,1,37.2802,,"(35.0, 35.0, True)",35,35
7f66bb44,0,na,,"(37.0, 36.0, True)",37,36
7f9df2b0,0,na,,"(40.0, 37.0, True)",40,37
7faa4a03,0,38.91,,"(37.0, 27.0, True)",37,27
7fbd1c2e,0,38.9007,,"(36.0, 26.0, True)",36,26
7fbf2177,0,44.4598,,"(40.0, 37.0, True)",40,37
7fc2ed42,1,34.4721,,"(38.0, 36.0, True)",38,36
7fc56a36,1,39.6316,,"(40.0, 42.0, True)",40,42
7fe65b97,1,37.2802,,"(36.0, 35.0, True)",36,35
803abf22,1,44.6239,,"(38.0, 36.0, True)",38,36
813e4924,1,34.4709,,"(37.0, 30.0, True)",37,30
8144048c,1,34.4721,,"(38.0, 34.0, True)",38,34
8167408b,0,42.4053,,"(35.0, 34.0, True)",35,34
817aba3f,1,41.8498,,"(35.0, 35.0, True)",35,35
81931bd9,0,37.486,,"(37.0, 41.0, True)",37,41
81b3ae87,0,39.659,,"(36.0, 35.0, True)",36,35
824277c3,0,45.9375,,"(39.0, 37.0, True)",39,37
82c59cb1,0,35.7451,,"(34.0, 37.0, True)",34,37
82db4fdc,0,45.2393,,"(37.0, 34.0, True)",37,34
832a5d0c,0,38.1397,,"(38.0, 34.0, True)",38,34
8376a077,0,na,,"(35.0, 38.0, True)",35,38
83a70dd0,1,36.4929,,"(38.0, 35.0, True)",38,35
83b74cae,1,34.4709,,"(35.0, 35.0, True)",35,35
83b85acf,1,43.2612,,"(49.0, 39.0, True)",49,39
83dd3a43,1,43.9466,,"(37.0, 35.0, True)",37,35
83f19161,1,36.1061,,"(38.0, 33.0, True)",38,33
8416c38c,1,41.434,,"(31.0, 37.0, True)",31,37
842784be,1,35.6978,,"(38.0, 34.0, True)",38,34
84673729,1,31.0609,,"(42.0, 39.0, True)",42,39
84ad5f1b,1,45.2901,,"(37.0, 36.0, True)",37,36
84e0d5b9,0,41.9264,,"(34.0, 34.0, True)",34,34
84fe7f94,0,na,,"(36.0, 36.0, True)",36,36
850a381c,0,na,,"(36.0, 37.0, True)",36,37
85248702,0,41.7014,,"(39.0, 50.0, True)",39,50
85353f2c,1,43.946,,"(37.0, 33.0, True)",37,33
8553004f,0,40.9806,,"(43.0, 49.0, True)",43,49
85cdf483,1,43.9459,,"(35.0, 38.0, False)",35,38
8628e45f,0,43.1111,,"(38.0, 38.0, True)",38,38
862b4f57,0,na,,"(43.0, 34.0, True)",43,34
86730f0d,1,45.2909,,"(38.0, 36.0, True)",38,36
8687f19e,1,37.6877,,"(36.0, 30.0, True)",36,30
86ab9b92,1,43.3172,,"(36.0, 36.0, True)",36,36
86de6cf4,0,41.8304,,"(38.0, 33.0, True)",38,33
86e7ba72,1,41.8554,,"(40.0, 36.0, True)",40,36
86edc13c,0,43.7813,,"(39.0, 47.0, True)",39,47
86ff8b5e,0,35.5894,,"(47.0, 43.0, True)",47,43
870567e3,1,40.7189,,"(48.0, 50.0, True)",48,50
871a864c,0,43.9837,,"(36.0, 41.0, True)",36,41
87319e1c,1,43.2353,,"(38.0, 35.0, True)",38,35
87592c38,0,43.782,,"(36.0, 39.0, False)",36,39
87a72548,0,39.0346,,"(37.0, 40.0, True)",37,40
87bfe3ef,1,42.5591,,"(39.0, 32.0, True)",39,32
882e8128,0,45.2541,,"(33.0, 31.0, True)",33,31
886aa103,0,36.5596,,"(37.0, 26.0, True)",37,26
88b5b1aa,1,42.559,,"(36.0, 35.0, True)",36,35
88bad85f,1,41.4386,,"(46.0, 54.0, True)",46,54
88ca885d,1,39.591,,"(38.0, 36.0, True)",38,36
88ea03f9,1,45.2853,,"(38.0, 36.0, True)",38,36
892d81f6,0,44.5862,,"(36.0, 49.0, True)",36,49
8931fd80,1,38.02,,"(37.0, 38.0, True)",37,38
89353676,0,44.4736,,"(38.0, 35.0, True)",38,35
894e9be7,0,43.7797,,"(41.0, 49.0, True)",41,49
89670962,0,na,,"(38.0, 34.0, True)",38,34
8975a574,1,38.0736,,"(37.0, 37.0, True)",37,37
89842932,0,na,,"(35.0, 35.0, True)",35,35
8996737e,0,45.3704,,"(34.0, 37.0, True)",34,37
89a339cf,0,43.1082,,"(38.0, 39.0, True)",38,39
89c8c34b,0,38.1535,,"(35.0, 35.0, True)",35,35
89cd23a8,1,36.1061,,"(36.0, 35.0, True)",36,35
89d05291,1,36.1215,,"(32.0, 37.0, True)",32,37
8a178d4e,1,43.9409,,"(33.0, 35.0, True)",33,35
8a1c5528,1,35.2945,,"(33.0, 35.0, True)",33,35
8a4259a3,1,44.5984,,"(43.0, 37.0, True)",43,37
8a64ac2c,0,38.9999,,"(36.0, 32.0, True)",36,32
8aad518e,1,37.6877,,"(37.0, 31.0, True)",37,31
8acbcd96,1,43.9644,,"(38.0, 37.0, True)",38,37
8b074e88,0,36.5571,,"(36.0, 46.0, True)",36,46
8b12622c,1,32.7851,,"(36.0, 40.0, True)",36,40
8b2054f8,0,38.0144,,"(38.0, 48.0, True)",38,48
8b6f4d3c,0,39.6393,,"(43.0, 47.0, True)",43,47
8b98cb3c,0,41.7416,,"(39.0, 38.0, True)",39,38
8bbd5220,1,34.4721,,"(39.0, 34.0, False)",39,34
8c733ab0,0,43.9011,,"(33.0, 36.0, True)",33,36
8c8bde54,1,34.4709,,"(34.0, 35.0, True)",34,35
8cb77cca,1,45.2814,,"(38.0, 37.0, True)",38,37
8d1fa9f8,0,36.5865,,"(37.0, 42.0, True)",37,42
8d34e905,1,32.265,,"(40.0, 40.0, True)",40,40
8d5b55f1,0,na,,"(36.0, 40.0, True)",36,40
8dae8368,1,33.6352,,"(39.0, 34.0, True)",39,34
8dbefcbd,1,44.6139,,"(39.0, 33.0, True)",39,33
8dc762ef,0,38.1605,,"(35.0, 40.0, True)",35,40
8e0e0a34,0,38.9193,,"(35.0, 35.0, True)",35,35
8e0f4515,1,34.4718,,"(34.0, 36.0, True)",34,36
8e74bcdc,0,34.7404,,"(39.0, 33.0, True)",39,33
8ea22423,1,43.2607,,"(39.0, 37.0, True)",39,37
8eb02ce0,1,33.6511,,"(49.0, 2.0, True)",49,2
8edfadcf,1,45.2903,,"(39.0, 35.0, True)",39,35
8ee7101e,0,44.4826,,"(37.0, 32.0, True)",37,32
8eed8346,1,43.9409,,"(38.0, 36.0, True)",38,36
8ef29200,0,33.9628,,"(47.0, 26.0, True)",47,26
8f7628d7,0,na,,"(40.0, 36.0, False)",40,36
8f7cfa57,1,39.9798,,"(46.0, 49.0, True)",46,49
8fc1d7a9,1,42.5644,,"(28.0, 32.0, True)",28,32
90230ea7,0,na,,"(34.0, 34.0, True)",34,34
908cfb4f,0,38.8069,,"(36.0, 41.0, True)",36,41
90bd6952,1,38.4741,,"(39.0, 32.0, True)",39,32
91981cff,1,37.6866,,"(38.0, 38.0, True)",38,38
91bf5036,0,36.5404,,"(36.0, 33.0, True)",36,33
91febbeb,0,31.3432,,"(35.0, 36.0, True)",35,36
925aeb50,0,43.7878,,"(37.0, 49.0, True)",37,49
9264212d,0,43.8343,,"(38.0, 39.0, True)",38,39
92724245,1,32.785,,"(34.0, 38.0, True)",34,38
92949454,1,39.2337,,"(43.0, 55.0, True)",43,55
92a21542,0,na,,"(38.0, 37.0, True)",38,37
92aa3e8a,1,38.8248,,"(37.0, 33.0, True)",37,33
92b72c29,0,43.241,,"(36.0, 49.0, True)",36,49
92c90853,0,na,,"(36.0, 36.0, True)",36,36
92d09310,1,38.039,,"(36.0, 37.0, True)",36,37
932c43f2,0,42.4142,,"(34.0, 40.0, True)",34,40
932d8a37,0,32.2141,,"(42.0, 47.0, True)",42,47
9337d950,1,33.6352,,"(36.0, 34.0, False)",36,34
936c7db6,0,38.9108,,"(37.0, 32.0, True)",37,32
939283d3,0,34.7651,,"(37.0, 44.0, True)",37,44
93a797d3,1,35.7025,,"(44.0, 32.0, True)",44,32
93afeece,0,na,,"(34.0, 39.0, True)",34,39
93beaaaa,0,41.870400000000004,,"(35.0, 34.0, True)",35,34
93ec3e49,1,34.4721,,"(34.0, 38.0, True)",34,38
94462587,1,37.254,,"(36.0, 37.0, True)",36,37
944e1ee2,1,41.4201,,"(37.0, 33.0, True)",37,33
94913c6b,0,na,,"(36.0, 36.0, True)",36,36
94dbd8f7,0,45.2393,,"(37.0, 30.0, True)",37,30
94ddcb93,0,45.2851,,"(37.0, 37.0, True)",37,37
94e0a5db,0,35.6314,,"(35.0, 35.0, True)",35,35
95294372,1,33.6352,,"(36.0, 38.0, True)",36,38
95429378,0,na,,"(37.0, 37.0, True)",37,37
9545edd5,1,40.7118,,"(44.0, 47.0, True)",44,47
957821db,1,38.4591,,"(34.0, 38.0, True)",34,38
958a8c7e,0,38.7816,,"(39.0, 42.0, False)",39,42
958d155f,0,42.5145,,"(36.0, 36.0, True)",36,36
958d42a8,1,40.3904,,"(22.0, 8.0, True)",22,8
95be51e8,1,42.5591,,"(0.0, 70.0, True)",0,70
95e55acb,0,38.1403,,"(36.0, 38.0, True)",36,38
95ed1e8c,1,34.4721,,"(38.0, 36.0, True)",38,36
9627378d,0,35.6291,,"(36.0, 35.0, True)",36,35
96626f2c,0,43.478,,"(40.0, 34.0, False)",40,34
968e1414,0,na,,"(38.0, 36.0, True)",38,36
96b89aba,1,43.947,,"(39.0, 41.0, True)",39,41
9746de5e,0,40.9806,,"(37.0, 40.0, True)",37,40
974931df,1,38.4591,,"(37.0, 37.0, True)",37,37
97619e0f,0,40.2513,,"(39.0, 48.0, True)",39,48
979daee4,0,36.5572,,"(39.0, 45.0, True)",39,45
97a9e49b,1,40.7177,,"(48.0, 51.0, True)",48,51
97c1936d,0,32.3976,,"(41.0, 42.0, True)",41,42
97ddc1f8,1,33.6352,,"(36.0, 39.0, True)",36,39
97de1784,0,38.744,,"(38.0, 45.0, True)",38,45
97e2d963,0,41.1415,,"(37.0, 35.0, True)",37,35
9847a428,0,na,,"(52.0, 67.0, True)",52,67
985a26fb,0,38.7591,,"(35.0, 48.0, True)",35,48
98dc1deb,1,40.7129,,"(43.0, 45.0, True)",43,45
9915bb7e,1,37.6894,,"(32.0, 36.0, True)",32,36
992bbcd7,1,37.2294,,"(35.0, 36.0, True)",35,36
99488cc6,1,35.6588,,"(35.0, 36.0, True)",35,36
996ea0b1,1,36.1049,,"(31.0, 32.0, True)",31,32
9997020b,1,38.4755,,"(32.0, 33.0, True)",32,33
99d068d8,0,36.3966,,"(41.0, 46.0, True)",41,46
99eeae27,0,40.4253,,"(19.0, 36.0, True)",19,36
99fb2f48,0,36.4447,,"(34.0, 35.0, True)",34,35
9a3c8482,0,na,,"(36.0, 34.0, True)",36,34
9a574b10,0,39.5661,,"(34.0, 30.0, True)",34,30
9a5b0c85,0,41.0344,,"(38.0, 37.0, True)",38,37
9ab2d2c4,0,40.4082,,"(37.0, 45.0, True)",37,45
9b2d93b2,1,39.2325,,"(44.0, 51.0, True)",44,51
9b47d1bf,0,na,,"(36.0, 35.0, False)",36,35
9b9349e8,0,na,,"(36.0, 37.0, True)",36,37
9bbad755,0,39.6728,,"(38.0, 36.0, True)",38,36
9bcafab4,1,45.2859,,"(37.0, 36.0, True)",37,36
9bccbe2e,0,33.9235,,"(35.0, 35.0, True)",35,35
9c3de736,1,41.1275,,"(37.0, 39.0, True)",37,39
9c74b2f4,1,41.0849,,"(37.0, 36.0, True)",37,36
9c7eded0,0,42.542,,"(35.0, 38.0, True)",35,38
9c810836,1,38.8723,,"(36.0, 36.0, True)",36,36
9ca2cf2a,1,35.2984,,"(29.0, 40.0, True)",29,40
9cadda28,0,na,,"(29.0, 34.0, True)",29,34
9cb5cd37,0,38.7459,,"(40.0, 47.0, True)",40,47
9cb7b5b9,1,33.6523,,"(45.0, 34.0, True)",45,34
9ce9aca5,1,42.5591,,"(35.0, 38.0, True)",35,38
9d0b55d0,1,38.4755,,"(36.0, 38.0, True)",36,38
9d128f64,1,39.9638,,"(39.0, 39.0, True)",39,39
9d1b433b,1,39.9844,,"(47.0, 48.0, True)",47,48
9d2c5335,1,33.635,,"(38.0, 39.0, True)",38,39
9d586019,0,na,,"(38.0, 35.0, True)",38,35
9d8f326c,0,na,,"(37.0, 37.0, True)",37,37
9dd2dee0,1,34.4721,,"(37.0, 33.0, True)",37,33
9de164df,1,45.2858,,"(42.0, 35.0, True)",42,35
9e25e53e,0,40.3973,,"(36.0, 37.0, True)",36,37
9e361ab3,1,41.8447,,"(37.0, 36.0, True)",37,36
9e37732e,0,na,,"(36.0, 33.0, True)",36,33
9ec48e6b,0,42.5075,,"(35.0, 34.0, True)",35,34
9eeec033,0,33.1761,,"(37.0, 33.0, True)",37,33
9efee165,1,33.634,,"(37.0, 35.0, False)",37,35
9f345fd1,1,38.02,,"(40.0, 35.0, True)",40,35
9f5d3bfb,0,na,,"(38.0, 37.0, True)",38,37
9f84a328,0,45.1398,,"(36.0, 32.0, True)",36,32
9fabab12,1,39.234,,"(42.0, 43.0, True)",42,43
9fde51a8,1,36.4332,,"(46.0, 37.0, True)",46,37
9ff1e0f0,0,na,,"(36.0, 35.0, True)",36,35
9ff92f2d,1,33.635,,"(38.0, 36.0, True)",38,36
a0137431,0,39.0551,,"(38.0, 32.0, True)",38,32
a02b0f96,0,43.2207,,"(37.0, 35.0, True)",37,35
a02ce286,1,35.2954,,"(33.0, 37.0, True)",33,37
a04714f1,1,41.8265,,"(39.0, 39.0, True)",39,39
a0473c22,0,34.0458,,"(37.0, 36.0, True)",37,36
a09cae27,0,na,,"(38.0, 39.0, False)",38,39
a0d0d3b5,0,45.3656,,"(37.0, 36.0, True)",37,36
a0d9ef1f,1,39.9784,,"(45.0, 46.0, True)",45,46
a15b312f,1,40.7129,,"(44.0, 51.0, True)",44,51
a1766f00,1,41.8664,,"(37.0, 35.0, True)",37,35
a1bb8d84,1,38.0736,,"(39.0, 35.0, True)",39,35
a1ca169b,0,na,,"(37.0, 35.0, True)",37,35
a1ca4187,0,na,,"(37.0, 40.0, True)",37,40
a1d7e70a,1,39.234,,"(43.0, 46.0, True)",43,46
a210f335,0,38.7812,,"(39.0, 45.0, True)",39,45
a2303efc,0,na,,"(38.0, 36.0, True)",38,36
a2930a87,1,38.4591,,"(38.0, 35.0, True)",38,35
a29662a4,0,39.6636,,"(38.0, 30.0, True)",38,30
a2a728d6,1,36.4792,,"(37.0, 35.0, True)",37,35
a2d9739d,0,38.1493,,"(36.0, 37.0, True)",36,37
a2d9dcdd,0,41.145,,"(35.0, 36.0, True)",35,36
a2f6ae55,1,40.7129,,"(46.0, 53.0, False)",46,53
a3399df1,0,35.6291,,"(36.0, 35.0, True)",36,35
a4067cf5,0,39.7808,,"(41.0, 37.0, True)",41,37
a44f95c2,0,na,,"(37.0, 33.0, True)",37,33
a4640b34,0,42.5511,,"(34.0, 35.0, True)",34,35
a47b7dee,1,32.2297,,"(37.0, 33.0, True)",37,33
a49af929,0,38.1386,,"(39.0, 32.0, True)",39,32
a4b0dabf,1,35.2954,,"(39.0, 34.0, True)",39,34
a4dc6d9c,1,40.3797,,"(68.0, 65.0, True)",68,65
a51140e3,1,44.6239,,"(38.0, 35.0, True)",38,35
a514b707,1,38.8159,,"(37.0, 35.0, True)",37,35
a52bd61e,1,43.9459,,"(35.0, 36.0, True)",35,36
a52dfc0e,0,43.2202,,"(37.0, 36.0, True)",37,36
a59605a2,1,39.2337,,"(40.0, 40.0, True)",40,40
a5b07c1a,1,38.4755,,"(35.0, 38.0, True)",35,38
a5b4d551,0,31.2868,,"(35.0, 33.0, True)",35,33
a62d8a88,1,38.0736,,"(38.0, 32.0, True)",38,32
a63467f2,0,34.8705,,"(39.0, 40.0, True)",39,40
a65b9aff,1,41.4386,,"(49.0, 53.0, True)",49,53
a678fd9c,1,35.2957,,"(35.0, 36.0, True)",35,36
a68bcde2,0,36.5207,,"(35.0, 35.0, True)",35,35
a6bcfae8,0,41.7032,,"(39.0, 50.0, True)",39,50
a7493a9c,1,41.8664,,"(3.0, 2.0, True)",3,2
a750abdc,0,37.9959,,"(38.0, 45.0, True)",38,45
a766aa64,1,45.2814,,"(37.0, 36.0, True)",37,36
a783bdb3,0,na,,"(37.0, 37.0, True)",37,37
a7cbade6,0,45.2311,,"(37.0, 39.0, True)",37,39
a8104355,1,38.4591,,"(35.0, 36.0, True)",35,36
a85f883b,0,38.1567,,"(33.0, 36.0, True)",33,36
a87234b9,0,44.5876,,"(36.0, 33.0, True)",36,33
a873532e,0,na,,"(36.0, 38.0, True)",36,38
a8ad190c,1,34.4709,,"(34.0, 37.0, True)",34,37
a8c38f58,1,38.4755,,"(37.0, 39.0, True)",37,39
a91ca38c,1,34.4709,,"(35.0, 34.0, False)",35,34
a9910e86,0,34.8918,,"(40.0, 36.0, True)",40,36
a996191d,1,37.2175,,"(38.0, 33.0, True)",38,33
a998c175,0,44.5964,,"(37.0, 36.0, True)",37,36
a9ab128c,1,38.1164,,"(39.0, 32.0, True)",39,32
a9bed487,1,36.1061,,"(34.0, 30.0, True)",34,30
aa024698,1,33.9843,,"(36.0, 41.0, True)",36,41
aa4d8381,0,43.2207,,"(34.0, 36.0, True)",34,36
aa78ee28,0,38.2635,,"(40.0, 37.0, True)",40,37
aab472df,1,38.4608,,"(33.0, 34.0, True)",33,34
aada72d9,0,na,,"(34.0, 32.0, True)",34,32
aaef2165,0,38.2635,,"(40.0, 37.0, True)",40,37
ab1c3d73,1,38.0144,,"(35.0, 49.0, True)",35,49
ab1ece17,0,39.8471,,"(33.0, 43.0, True)",33,43
aba8eb45,0,37.3718,,"(46.0, 34.0, True)",46,34
abd13315,0,43.9873,,"(41.0, 38.0, True)",41,38
ac16f7f2,0,na,,"(38.0, 36.0, True)",38,36
ac6ca227,1,45.2803,,"(38.0, 38.0, True)",38,38
aca0ccb4,1,38.4755,,"(35.0, 37.0, True)",35,37
ad22c618,1,38.4752,,"(40.0, 46.0, True)",40,46
ad7a0329,0,42.4129,,"(38.0, 39.0, True)",38,39
ad9b5269,1,38.4752,,"(38.0, 36.0, True)",38,36
adb3b1dc,1,42.5644,,"(36.0, 35.0, True)",36,35
adc216a4,0,43.3374,,"(40.0, 34.0, True)",40,34
adc24af7,0,40.2988,,"(45.0, 42.0, True)",45,42
ade9a4ab,1,36.1061,,"(52.0, 45.0, True)",52,45
ae0749b5,0,43.2159,,"(37.0, 37.0, True)",37,37
ae0cd7f9,0,na,,"(37.0, 37.0, True)",37,37
ae143d1e,0,41.8582,,"(43.0, 53.0, True)",43,53
ae52dce9,1,36.1079,,"(37.0, 33.0, True)",37,33
ae82da14,1,39.9784,,"(44.0, 49.0, True)",44,49
ae882030,0,45.1179,,"(43.0, 48.0, True)",43,48
ae9517a5,0,45.2393,,"(34.0, 32.0, True)",34,32
ae99ad14,0,45.8866,,"(41.0, 34.0, True)",41,34
aefd03c3,1,30.4373,,"(42.0, 39.0, True)",42,39
af1eb06e,1,38.0331,,"(38.0, 35.0, True)",38,35
af23f247,1,38.458,,"(41.0, 31.0, True)",41,31
af44a0c6,0,44.5876,,"(39.0, 34.0, True)",39,34
af64e5df,1,39.9798,,"(38.0, 44.0, True)",38,44
af91525e,1,42.1483,,"(47.0, 47.0, True)",47,47
afac9486,1,39.9784,,"(42.0, 41.0, True)",42,41
afb46b2b,1,41.1355,,"(37.0, 38.0, True)",37,38
affcd7bf,0,na,,"(37.0, 32.0, True)",37,32
b02c772f,1,42.559,,"(40.0, 28.0, False)",40,28
b04f44fe,0,32.1845,,"(36.0, 33.0, True)",36,33
b05baa18,0,31.4138,,"(39.0, 33.0, True)",39,33
b095a438,1,34.4709,,"(36.0, 32.0, True)",36,32
b09917f6,1,34.4721,,"(35.0, 33.0, True)",35,33
b0c13aff,1,33.1315,,"(33.0, 39.0, True)",33,39
b0c265d8,0,40.275,,"(44.0, 38.0, True)",44,38
b0db8992,0,43.195,,"(40.0, 39.0, True)",40,39
b110c6bf,1,35.3125,,"(37.0, 39.0, True)",37,39
b11b353e,0,43.2946,,"(42.0, 34.0, True)",42,34
b1a2ef1f,0,42.5128,,"(35.0, 36.0, True)",35,36
b2043476,1,45.2851,,"(39.0, 35.0, True)",39,35
b237b4fd,1,45.2714,,"(37.0, 37.0, True)",37,37
b2bc5d27,1,45.2814,,"(35.0, 36.0, True)",35,36
b3040223,0,41.7479,,"(36.0, 33.0, True)",36,33
b314d1f9,0,43.9194,,"(36.0, 47.0, True)",36,47
b3206c76,1,36.4912,,"(38.0, 39.0, True)",38,39
b32332c7,1,34.4721,,"(38.0, 34.0, False)",38,34
b3308b2d,0,40.9981,,"(38.0, 50.0, True)",38,50
b33ba1c3,0,45.383,,"(36.0, 35.0, True)",36,35
b36a9700,1,40.3944,,"(38.0, 38.0, True)",38,38
b37083ff,0,na,,"(37.0, 36.0, True)",37,36
b393a9df,1,34.4721,,"(34.0, 32.0, True)",34,32
b3c50234,1,35.3112,,"(35.0, 38.0, True)",35,38
b408b391,0,38.9187,,"(37.0, 36.0, True)",37,36
b410c773,0,36.692,,"(37.0, 40.0, True)",37,40
b49797c9,0,45.1485,,"(41.0, 42.0, True)",41,42
b4c0ff45,1,37.254,,"(37.0, 36.0, True)",37,36
b4fa16f6,1,31.0477,,"(37.0, 35.0, True)",37,35
b4ff28a2,0,40.529,,"(37.0, 39.0, True)",37,39
b5134299,0,30.4499,,"(43.0, 45.0, True)",43,45
b5168440,1,33.9931,,"(36.0, 40.0, True)",36,40
b51d18b5,1,36.9034,,"(36.0, 31.0, True)",36,31
b522fe03,1,35.6334,,"(38.0, 40.0, True)",38,40
b5385b7e,0,44.7829,,"(32.0, 38.0, True)",32,38
b6085e43,1,37.254,,"(35.0, 37.0, True)",35,37
b623e705,0,na,,"(37.0, 39.0, False)",37,39
b6cfe64f,1,40.7129,,"(43.0, 33.0, True)",43,33
b7329c47,1,43.9553,,"(38.0, 37.0, True)",38,37
b73912e3,1,42.5441,,"(37.0, 41.0, True)",37,41
b74c6681,0,45.1813,,"(39.0, 46.0, True)",39,46
b7519a52,1,42.559,,"(39.0, 36.0, True)",39,36
b7555b43,0,na,,"(37.0, 35.0, True)",37,35
b7589388,1,42.559,,"(38.0, 37.0, True)",38,37
b75e73e5,1,34.4721,,"(34.0, 35.0, True)",34,35
b760aa81,0,37.9986,,"(34.0, 40.0, True)",34,40
b764665a,1,45.2809,,"(36.0, 36.0, True)",36,36
b7653ab1,1,38.0867,,"(37.0, 37.0, True)",37,37
b7724e0b,0,33.2825,,"(33.0, 44.0, True)",33,44
b78438be,0,44.4569,,"(37.0, 42.0, True)",37,42
b792a605,0,42.4126,,"(41.0, 37.0, True)",41,37
b7959fdd,0,42.5128,,"(37.0, 34.0, True)",37,34
b7969c68,0,34.0204,,"(42.0, 41.0, False)",42,41
b7b3d08f,0,37.2666,,"(42.0, 37.0, True)",42,37
b7ca0494,1,36.4751,,"(38.0, 36.0, True)",38,36
b7cfcba1,1,43.9204,,"(35.0, 36.0, True)",35,36
b7cfd2e2,1,38.4608,,"(36.0, 33.0, True)",36,33
b7e6b182,1,40.7118,,"(29.0, 41.0, True)",29,41
b83c1c5e,0,38.1595,,"(39.0, 35.0, True)",39,35
b8712f74,1,36.9052,,"(33.0, 34.0, True)",33,34
b8b26f06,0,40.4575,,"(67.0, 35.0, True)",67,35
b8be3864,1,44.5933,,"(39.0, 39.0, True)",39,39
b8cf5edb,1,44.5984,,"(38.0, 36.0, True)",38,36
b8e18fbb,0,45.2444,,"(40.0, 40.0, True)",40,40
b8e965d2,1,34.4721,,"(27.0, 31.0, False)",27,31
b8eefec7,1,35.6623,,"(34.0, 39.0, True)",34,39
b91c9ce5,1,34.8498,,"(37.0, 39.0, True)",37,39
b931ba67,1,36.4565,,"(37.0, 35.0, True)",37,35
b950ff96,0,40.4476,,"(36.0, 34.0, True)",36,34
b95d879e,0,35.6292,,"(37.0, 37.0, True)",37,37
b97aa206,0,39.5015,,"(38.0, 46.0, True)",38,46
b97b505e,1,33.6526,,"(42.0, 49.0, True)",42,49
b9da7ff1,0,31.3706,,"(43.0, 44.0, True)",43,44
ba2b4c39,0,na,,"(37.0, 34.0, True)",37,34
ba54a7ea,1,42.1431,,"(45.0, 44.0, True)",45,44
ba57a170,0,43.3049,,"(37.0, 35.0, True)",37,35
ba84b60e,0,42.7764,,"(38.0, 33.0, True)",38,33
bab1926a,1,39.2175,,"(39.0, 40.0, False)",39,40
bab30cb8,1,35.2957,,"(36.0, 35.0, True)",36,35
bacaacf9,1,38.4591,,"(34.0, 35.0, True)",34,35
bb1b3660,0,35.07,,"(37.0, 41.0, False)",37,41
bb2bef7f,1,34.8498,,"(37.0, 38.0, True)",37,38
bb4a94cd,1,42.5591,,"(36.0, 36.0, True)",36,36
bb738e81,0,35.7829,,"(38.0, 42.0, True)",38,42
bb9cffda,0,33.1855,,"(38.0, 32.0, True)",38,32
bba1a0f1,0,na,,"(40.0, 19.0, True)",40,19
bbad8fed,0,34.0426,,"(28.0, 38.0, True)",28,38
bbfc1788,0,43.222,,"(39.0, 29.0, True)",39,29
bbfea9aa,0,na,,"(37.0, 37.0, True)",37,37
bc00ab3d,1,45.2764,,"(36.0, 37.0, True)",36,37
bc7a854a,0,42.4133,,"(47.0, 48.0, True)",47,48
bc9745e9,0,39.5027,,"(40.0, 52.0, True)",40,52
bcd498e2,1,44.6187,,"(37.0, 37.0, True)",37,37
bcdd9b11,0,43.9235,,"(41.0, 35.0, True)",41,35
bcfaced9,0,38.1497,,"(38.0, 29.0, True)",38,29
bd1a1bdf,1,37.6866,,"(37.0, 42.0, False)",37,42
bd2fd8ca,0,43.1055,,"(38.0, 39.0, True)",38,39
bd68af88,0,34.0467,,"(32.0, 43.0, True)",32,43
bdc40587,0,40.981700000000004,,"(38.0, 46.0, True)",38,46
bdcc1f0c,1,41.434,,"(44.0, 47.0, True)",44,47
bdf823e2,1,40.7118,,"(44.0, 48.0, True)",44,48
be0aa969,1,38.4755,,"(39.0, 38.0, True)",39,38
be0d9575,1,42.5591,,"(38.0, 36.0, True)",38,36
be24e1d3,1,39.6605,,"(36.0, 31.0, True)",36,31
be2e5ed6,0,31.3701,,"(42.0, 45.0, True)",42,45
be6583a3,1,43.9369,,"(38.0, 38.0, True)",38,38
bee2de18,0,39.5371,,"(46.0, 33.0, True)",46,33
bf597e48,0,43.7881,,"(36.0, 44.0, True)",36,44
bf679f08,1,31.3756,,"(37.0, 36.0, True)",37,36
bfc8373b,1,45.2909,,"(36.0, 36.0, True)",36,36
bfd71df1,1,36.9034,,"(37.0, 35.0, True)",37,35
bffad1b6,0,37.9814,,"(36.0, 38.0, True)",36,38
c03c0809,1,37.237,,"(34.0, 36.0, True)",34,36
c04a768c,1,33.634,,"(43.0, 28.0, True)",43,28
c05730c3,0,34.0537,,"(35.0, 38.0, True)",35,38
c084b83d,1,37.6877,,"(34.0, 35.0, True)",34,35
c0b17db0,1,34.4721,,"(36.0, 31.0, True)",36,31
c0c841d0,0,42.4133,,"(38.0, 38.0, True)",38,38
c0ce2db6,1,38.8275,,"(38.0, 37.0, True)",38,37
c0d49276,1,36.4565,,"(40.0, 27.0, True)",40,27
c0d4f75a,0,37.1941,,"(42.0, 41.0, True)",42,41
c0dc98a5,0,32.2567,,"(37.0, 30.0, True)",37,30
c0f3d160,0,42.536,,"(40.0, 42.0, True)",40,42
c10da10b,1,33.635,,"(39.0, 34.0, True)",39,34
c11b6e19,1,37.2861,,"(36.0, 35.0, True)",36,35
c172464e,0,45.1257,,"(39.0, 46.0, True)",39,46
c1737f6c,0,43.7924,,"(39.0, 49.0, True)",39,49
c1b36ea4,1,33.6352,,"(38.0, 40.0, False)",38,40
c1b8144e,0,43.2159,,"(35.0, 36.0, True)",35,36
c1bf693f,0,43.2286,,"(39.0, 27.0, True)",39,27
c22499f6,0,35.7863,,"(33.0, 36.0, True)",33,36
c2667adf,0,42.6491,,"(52.0, 36.0, True)",52,36
c2b2df38,0,36.6286,,"(42.0, 36.0, True)",42,36
c2b88693,0,43.7871,,"(41.0, 47.0, True)",41,47
c2d87794,1,38.4741,,"(37.0, 38.0, True)",37,38
c2da61a6,0,41.21,,"(38.0, 41.0, True)",38,41
c2fa2228,1,43.256,,"(39.0, 29.0, True)",39,29
c317d061,1,44.615,,"(38.0, 36.0, True)",38,36
c335f5e7,0,44.0296,,"(37.0, 36.0, True)",37,36
c35ccd42,0,37.3154,,"(36.0, 33.0, True)",36,33
c3a792ba,0,44.5621,,"(45.0, 35.0, True)",45,35
c3fca286,0,na,,"(38.0, 37.0, True)",38,37
c49bd5f2,1,38.85,,"(34.0, 33.0, True)",34,33
c4edad48,1,40.7177,,"(46.0, 52.0, True)",46,52
c5227b8a,0,39.6097,,"(37.0, 35.0, True)",37,35
c5385c54,0,41.8488,,"(36.0, 42.0, True)",36,42
c53a1583,1,39.9844,,"(43.0, 53.0, True)",43,53
c56b4f9f,1,30.1586,,"(33.0, 37.0, False)",33,37
c5cb318a,0,42.5145,,"(41.0, 34.0, True)",41,34
c61e1bce,1,36.9198,,"(40.0, 28.0, True)",40,28
c69e5f88,0,43.9854,,"(29.0, 39.0, True)",29,39
c6ffd9f1,0,37.9756,,"(41.0, 45.0, True)",41,45
c70c9e1e,0,44.0116,,"(36.0, 39.0, True)",36,39
c71bb2cd,0,33.1379,,"(38.0, 32.0, True)",38,32
c7230023,0,40.9838,,"(37.0, 38.0, True)",37,38
c772a4e1,1,36.1079,,"(26.0, 37.0, True)",26,37
c77354d7,1,41.8817,,"(44.0, 32.0, True)",44,32
c79106c3,0,na,,"(35.0, 34.0, True)",35,34
c7994ee4,0,44.5876,,"(38.0, 34.0, True)",38,34
c7af9fff,1,33.6352,,"(38.0, 36.0, True)",38,36
c7d45cb0,1,38.0736,,"(39.0, 37.0, True)",39,37
c7d6f6f8,0,na,,"(35.0, 34.0, True)",35,34
c824f98f,1,38.4752,,"(42.0, 39.0, True)",42,39
c826d611,0,45.1157,,"(41.0, 48.0, True)",41,48
c84a92a0,0,35.7707,,"(37.0, 38.0, True)",37,38
c8683ab3,1,41.1275,,"(38.0, 38.0, True)",38,38
c86a6ff2,0,39.6438,,"(38.0, 25.0, True)",38,25
c88fb497,0,40.9835,,"(39.0, 38.0, True)",39,38
c8b9d482,1,41.8558,,"(39.0, 35.0, True)",39,35
c8bdb148,0,34.9528,,"(36.0, 38.0, True)",36,38
c8de125d,0,35.713,,"(39.0, 34.0, True)",39,34
c9124fed,1,34.4751,,"(39.0, 40.0, True)",39,40
c92d0ced,0,na,,"(36.0, 37.0, True)",36,37
c982ada8,0,36.5092,,"(33.0, 36.0, True)",33,36
c9dcc1c8,0,35.7863,,"(31.0, 43.0, True)",31,43
c9fd5e7b,0,39.6636,,"(38.0, 25.0, True)",38,25
ca0f9e05,0,38.7445,,"(44.0, 51.0, True)",44,51
ca34f2eb,1,32.7848,,"(33.0, 41.0, True)",33,41
ca3a6c6e,1,35.3112,,"(29.0, 43.0, False)",29,43
ca69f5a4,0,35.7442,,"(36.0, 34.0, True)",36,34
cacbe718,0,37.1897,,"(48.0, 32.0, True)",48,32
cad45122,0,43.9194,,"(36.0, 38.0, True)",36,38
cb0319fc,0,na,,"(30.0, 33.0, False)",30,33
cb62e5cb,0,na,,"(37.0, 35.0, True)",37,35
cb639848,1,38.4608,,"(31.0, 33.0, True)",31,33
cb6e4a23,0,37.3221,,"(34.0, 34.0, True)",34,34
cbd26eff,0,34.8598,,"(34.0, 35.0, True)",34,35
cbec7a59,0,44.0282,,"(36.0, 37.0, True)",36,37
cbf6bc3b,0,41.1555,,"(37.0, 34.0, True)",37,34
cc23db81,1,36.1058,,"(39.0, 37.0, True)",39,37
cc28a327,0,37.3218,,"(40.0, 32.0, True)",40,32
cc2d6324,1,42.5591,,"(37.0, 34.0, True)",37,34
cc5fac62,0,na,,"(35.0, 36.0, True)",35,36
cc697de5,1,37.6866,,"(34.0, 37.0, True)",34,37
cc6cca1f,1,38.1067,,"(37.0, 36.0, True)",37,36
cc93f030,1,45.2814,,"(41.0, 38.0, True)",41,38
cc981fff,0,33.2936,,"(36.0, 47.0, True)",36,47
ccb8f0f4,1,40.3904,,"(38.0, 35.0, True)",38,35
cd53b42e,0,43.9138,,"(38.0, 36.0, True)",38,36
cd60952c,0,35.6526,,"(42.0, 43.0, True)",42,43
cd6955e4,0,35.6291,,"(37.0, 35.0, True)",37,35
cd703f53,0,34.7658,,"(51.0, 32.0, True)",51,32
cd9bfc19,1,44.5984,,"(39.0, 38.0, True)",39,38
cdd37130,1,41.4183,,"(41.0, 37.0, True)",41,37
cdee905a,0,na,,"(41.0, 37.0, True)",41,37
cdfb954f,0,na,,"(41.0, 40.0, True)",41,40
ce151e35,1,35.2987,,"(37.0, 27.0, True)",37,27
ce23e006,0,35.7313,,"(42.0, 49.0, True)",42,49
ce73809a,0,na,,"(39.0, 33.0, True)",39,33
cedc73e3,0,43.2107,,"(37.0, 34.0, True)",37,34
cf1ab8b7,0,36.5189,,"(38.0, 34.0, True)",38,34
cf52b4e8,0,31.5507,,"(41.0, 44.0, True)",41,44
cf7a269a,0,45.3846,,"(39.0, 37.0, True)",39,37
cf9144a8,0,43.4975,,"(37.0, 34.0, True)",37,34
cfe2ed3c,1,33.1315,,"(33.0, 37.0, True)",33,37
cfe9ede6,1,40.7129,,"(44.0, 54.0, True)",44,54
d0a54ee0,0,na,,"(39.0, 42.0, True)",39,42
d0b18fb5,0,36.6861,,"(39.0, 39.0, True)",39,39
d0e8d1b5,1,42.5591,,"(33.0, 40.0, True)",33,40
d188de70,0,33.9014,,"(38.0, 40.0, True)",38,40
d1aa409d,0,38.1397,,"(37.0, 34.0, True)",37,34
d1bf920a,0,40.248,,"(40.0, 45.0, True)",40,45
d26bed47,1,38.4589,,"(33.0, 37.0, True)",33,37
d2ba9103,0,40.3196,,"(33.0, 36.0, True)",33,36
d3031eaf,1,42.5848,,"(38.0, 37.0, True)",38,37
d3382456,0,36.6978,,"(36.0, 39.0, True)",36,39
d33e98bb,1,39.2325,,"(42.0, 51.0, False)",42,51
d348093d,1,40.7129,,"(48.0, 48.0, True)",48,48
d34aa573,1,42.6644,,"(35.0, 36.0, True)",35,36
d36924df,1,39.9844,,"(43.0, 51.0, True)",43,51
d39522db,0,43.9847,,"(31.0, 43.0, True)",31,43
d3976936,1,34.4721,,"(35.0, 36.0, True)",35,36
d3aada91,1,43.9459,,"(39.0, 36.0, True)",39,36
d3c1e961,0,na,,"(41.0, 41.0, True)",41,41
d439fa99,0,33.9229,,"(41.0, 44.0, True)",41,44
d45f1475,0,43.479,,"(42.0, 37.0, True)",42,37
d4b1ff12,1,41.8447,,"(37.0, 36.0, True)",37,36
d4bb8bac,0,44.4612,,"(49.0, 30.0, True)",49,30
d547b0d5,0,41.9016,,"(34.0, 36.0, True)",34,36
d5826bcd,0,na,,"(38.0, 35.0, True)",38,35
d588cd39,1,41.1355,,"(37.0, 38.0, True)",37,38
d5a615f8,0,na,,"(36.0, 36.0, True)",36,36
d5c8ab27,0,33.9315,,"(32.0, 33.0, True)",32,33
d5eb62bf,1,40.699,,"(39.0, 32.0, True)",39,32
d60c53f2,0,35.7468,,"(34.0, 34.0, True)",34,34
d6477f80,0,39.6912,,"(38.0, 34.0, True)",38,34
d6566373,0,39.5048,,"(40.0, 48.0, True)",40,48
d65f8eb3,0,na,,"(36.0, 37.0, True)",36,37
d660824c,0,39.633,,"(30.0, 35.0, True)",30,35
d6913851,0,42.7867,,"(39.0, 33.0, True)",39,33
d6c28aaf,0,34.9642,,"(35.0, 31.0, True)",35,31
d74b6f76,0,42.6356,,"(38.0, 35.0, True)",38,35
d74f3144,0,43.9873,,"(43.0, 29.0, True)",43,29
d7522dd7,0,33.9229,,"(41.0, 45.0, True)",41,45
d75f4b30,1,42.5485,,"(37.0, 34.0, True)",37,34
d782d1a6,0,38.012,,"(36.0, 36.0, False)",36,36
d7f54a66,1,32.801,,"(36.0, 32.0, True)",36,32
d80220d5,0,45.2368,,"(36.0, 30.0, True)",36,30
d83b0e62,1,39.2325,,"(39.0, 36.0, True)",39,36
d86deb2b,0,na,,"(38.0, 36.0, True)",38,36
d89d6fbc,0,na,,"(41.0, 40.0, True)",41,40
d8b894c2,0,45.3718,,"(40.0, 36.0, True)",40,36
d8ed5202,1,42.5644,,"(35.0, 37.0, True)",35,37
d92ff35c,1,37.6866,,"(34.0, 33.0, True)",34,33
d960f724,1,35.2957,,"(33.0, 35.0, True)",33,35
da0d9e58,0,37.2928,,"(37.0, 43.0, True)",37,43
da120a5a,0,44.459,,"(41.0, 48.0, True)",41,48
da20c5c3,1,40.3904,,"(40.0, 35.0, True)",40,35
da54e341,0,43.9202,,"(37.0, 36.0, True)",37,36
dac5bd92,1,35.2957,,"(37.0, 29.0, True)",37,29
db9e31b4,1,44.6137,,"(37.0, 36.0, True)",37,36
dba3e12a,1,39.6261,,"(35.0, 43.0, True)",35,43
dbd93310,0,42.4099,,"(44.0, 49.0, True)",44,49
dbde12c0,1,37.6875,,"(39.0, 33.0, True)",39,33
dc34a966,1,38.8594,,"(35.0, 36.0, True)",35,36
dc6fa59d,0,34.9664,,"(35.0, 40.0, True)",35,40
dc7c3669,1,45.2803,,"(41.0, 34.0, True)",41,34
dd1b0222,0,35.7409,,"(37.0, 39.0, True)",37,39
dd22a9ec,0,37.2428,,"(40.0, 44.0, True)",40,44
dd93047e,0,34.0655,,"(41.0, 45.0, True)",41,45
ddf0ecc7,1,39.234,,"(43.0, 51.0, True)",43,51
de0460c0,1,39.9844,,"(40.0, 54.0, True)",40,54
de0a13aa,1,36.9031,,"(39.0, 33.0, False)",39,33
de1244d8,0,45.2434,,"(37.0, 29.0, True)",37,29
de13af0f,0,na,,"(38.0, 38.0, True)",38,38
dea041a8,0,39.6857,,"(37.0, 35.0, True)",37,35
debf3bc1,1,41.8353,,"(39.0, 37.0, True)",39,37
ded25b18,0,38.761,,"(38.0, 39.0, True)",38,39
dedf2035,0,41.1704,,"(43.0, 33.0, True)",43,33
dee16fa7,0,38.1108,,"(37.0, 35.0, True)",37,35
def4a178,1,38.0736,,"(36.0, 35.0, True)",36,35
df448b8e,1,33.6383,,"(37.0, 39.0, True)",37,39
df478779,0,38.1403,,"(36.0, 36.0, True)",36,36
df4c99f5,1,44.6137,,"(36.0, 38.0, True)",36,38
df5b243a,0,43.3444,,"(36.0, 34.0, True)",36,34
df643161,1,45.2859,,"(38.0, 36.0, True)",38,36
dfcc9530,1,38.0144,,"(38.0, 35.0, True)",38,35
dfd5f913,0,43.9239,,"(36.0, 35.0, True)",36,35
dfe050b8,0,38.1445,,"(41.0, 38.0, True)",41,38
dfe9aa29,0,35.6291,,"(34.0, 35.0, True)",34,35
e01123d4,1,37.6894,,"(31.0, 36.0, True)",31,36
e0323d3d,1,31.3431,,"(39.0, 38.0, True)",39,38
e05644fb,1,42.8397,,"(45.0, 49.0, True)",45,49
e0a4f516,0,43.7878,,"(38.0, 49.0, True)",38,49
e0ccd7bb,0,44.5704,,"(37.0, 36.0, True)",37,36
e0cd0236,0,38.1366,,"(37.0, 34.0, True)",37,34
e0cff0f1,0,37.1908,,"(38.0, 45.0, True)",38,45
e17b1064,1,38.0867,,"(38.0, 37.0, True)",38,37
e19deae1,0,34.9664,,"(36.0, 38.0, True)",36,38
e19e1599,1,39.5835,,"(37.0, 36.0, True)",37,36
e19e9776,0,33.0605,,"(33.0, 35.0, True)",33,35
e1b69ab4,1,38.831,,"(37.0, 33.0, True)",37,33
e1cc3773,1,43.9415,,"(39.0, 37.0, True)",39,37
e1eb80f3,1,35.2954,,"(33.0, 31.0, True)",33,31
e22c3951,0,36.7033,,"(38.0, 40.0, True)",38,40
e25388fd,0,38.1562,,"(40.0, 32.0, True)",40,32
e26b8fb0,1,36.9052,,"(29.0, 31.0, True)",29,31
e29306d2,1,45.2909,,"(39.0, 37.0, True)",39,37
e2a547bf,1,35.2994,,"(39.0, 33.0, True)",39,33
e337d0b8,0,na,,"(36.0, 37.0, True)",36,37
e356f7a3,0,34.7715,,"(39.0, 40.0, True)",39,40
e357f8dd,1,43.9644,,"(37.0, 37.0, True)",37,37
e3b0bb05,0,31.3954,,"(39.0, 32.0, True)",39,32
e4c12020,1,37.6866,,"(39.0, 36.0, True)",39,36
e4c50fc5,1,38.8537,,"(38.0, 34.0, True)",38,34
e58b338a,1,35.6334,,"(37.0, 39.0, True)",37,39
e697b7a9,1,39.234,,"(36.0, 34.0, True)",36,34
e74b4ac4,0,36.4569,,"(41.0, 36.0, True)",41,36
e76a4a04,1,42.5591,,"(38.0, 36.0, True)",38,36
e77f7e17,0,45.8848,,"(38.0, 35.0, True)",38,35
e7b76cde,1,39.2194,,"(47.0, 24.0, True)",47,24
e7bedace,0,38.9318,,"(37.0, 34.0, True)",37,34
e7f160bb,1,36.1091,,"(38.0, 34.0, True)",38,34
e8200704,0,41.088,,"(41.0, 34.0, True)",41,34
e869a49a,1,44.6196,,"(40.0, 39.0, False)",40,39
e870fc10,1,44.6246,,"(38.0, 35.0, True)",38,35
e87b80d6,1,41.4339,,"(46.0, 54.0, True)",46,54
e8984ef2,1,38.8537,,"(38.0, 36.0, True)",38,36
e8b76fb7,1,39.9796,,"(50.0, 49.0, True)",50,49
e8d6fcbb,0,38.1229,,"(39.0, 38.0, True)",39,38
e8f01e7e,1,36.1061,,"(40.0, 37.0, True)",40,37
e8f6b3f0,0,na,,"(41.0, 41.0, True)",41,41
e90038aa,1,35.6588,,"(36.0, 35.0, True)",36,35
e90b24e5,0,34.0428,,"(38.0, 25.0, True)",38,25
e967db90,1,33.635,,"(42.0, 32.0, True)",42,32
e982af8d,0,38.1597,,"(39.0, 41.0, True)",39,41
e989ed98,0,34.0048,,"(26.0, 32.0, True)",26,32
e9f69e5f,1,39.6261,,"(36.0, 37.0, True)",36,37
ea2440a6,1,38.4608,,"(38.0, 31.0, True)",38,31
ea39dbdf,0,38.9202,,"(32.0, 34.0, True)",32,34
ea674ab5,1,40.7129,,"(40.0, 54.0, True)",40,54
ea712987,1,44.6676,,"(36.0, 33.0, True)",36,33
ea95132b,0,34.79,,"(48.0, 44.0, True)",48,44
ea9da7da,0,39.6416,,"(41.0, 27.0, True)",41,27
eac1ed77,0,39.5371,,"(35.0, 36.0, True)",35,36
ebd806e6,0,na,,"(37.0, 43.0, True)",37,43
ebeb858f,1,36.4393,,"(36.0, 37.0, True)",36,37
ebff4efc,0,42.5381,,"(38.0, 36.0, True)",38,36
ec25db0b,0,41.2752,,"(35.0, 33.0, True)",35,33
ec36aef0,0,45.1289,,"(45.0, 40.0, True)",45,40
ec4952c3,1,41.1402,,"(36.0, 37.0, True)",36,37
ec5c461e,0,39.6544,,"(35.0, 37.0, True)",35,37
ec766eeb,1,43.9518,,"(37.0, 36.0, True)",37,36
ec822cf5,0,34.1486,,"(31.0, 38.0, False)",31,38
ece8ca94,1,38.4755,,"(35.0, 35.0, True)",35,35
ed06efcc,0,43.479,,"(42.0, 34.0, True)",42,34
ed396a16,1,39.6645,,"(39.0, 35.0, True)",39,35
ed3f900a,0,na,,"(35.0, 41.0, False)",35,41
ed4a2968,1,40.3958,,"(35.0, 42.0, True)",35,42
ed4f83f1,0,42.4142,,"(37.0, 39.0, True)",37,39
ed7569f9,0,37.3309,,"(38.0, 34.0, True)",38,34
ede00a50,1,41.8544,,"(38.0, 33.0, True)",38,33
edf62967,0,41.8582,,"(40.0, 53.0, True)",40,53
ee35ad62,1,39.2166,,"(34.0, 36.0, True)",34,36
ee49f0fb,1,44.6188,,"(36.0, 41.0, True)",36,41
ee9b291e,0,na,,"(37.0, 38.0, True)",37,38
eea13fef,1,34.4718,,"(42.0, 33.0, True)",42,33
eed649d1,0,35.5574,,"(43.0, 40.0, True)",43,40
ef6d734e,1,34.4721,,"(35.0, 34.0, True)",35,34
ef96916d,1,45.2814,,"(42.0, 34.0, True)",42,34
efc00a93,0,42.4438,,"(36.0, 36.0, True)",36,36
efe3a5e4,0,45.149,,"(44.0, 36.0, True)",44,36
f01671c0,0,na,,"(28.0, 47.0, True)",28,47
f0183cf1,1,32.2419,,"(38.0, 41.0, True)",38,41
f06ecb96,1,30.4878,,"(35.0, 43.0, True)",35,43
f09265ef,1,34.0171,,"(39.0, 49.0, True)",39,49
f0d2d68c,0,39.5948,,"(39.0, 37.0, True)",39,37
f0ef5d45,1,39.234,,"(42.0, 39.0, True)",42,39
f103f1f8,0,34.9528,,"(37.0, 31.0, True)",37,31
f10fcdd5,0,39.6622,,"(37.0, 35.0, True)",37,35
f1587400,0,45.299,,"(39.0, 37.0, True)",39,37
f18df56a,1,35.3125,,"(36.0, 35.0, True)",36,35
f193e8b0,1,44.6239,,"(37.0, 35.0, True)",37,35
f1b88228,0,38.1816,,"(38.0, 35.0, True)",38,35
f1c3b1f1,0,41.7003,,"(42.0, 49.0, True)",42,49
f1ce59ae,0,38.1567,,"(38.0, 40.0, True)",38,40
f254749e,0,43.2567,,"(36.0, 36.0, True)",36,36
f287c595,1,38.039,,"(38.0, 35.0, True)",38,35
f29ff564,0,42.5222,,"(36.0, 38.0, True)",36,38
f2a36870,0,32.3183,,"(36.0, 32.0, True)",36,32
f2bdb041,1,40.7001,,"(35.0, 36.0, True)",35,36
f38ddd0e,0,39.0346,,"(38.0, 40.0, True)",38,40
f3d0355b,0,40.4413,,"(36.0, 34.0, True)",36,34
f3dc5422,0,42.518,,"(35.0, 35.0, True)",35,35
f3e78568,0,39.6912,,"(39.0, 34.0, True)",39,34
f4674e66,1,34.4709,,"(37.0, 31.0, True)",37,31
f46f7549,0,34.9109,,"(37.0, 35.0, True)",37,35
f492c87d,0,37.3669,,"(37.0, 35.0, True)",37,35
f4982195,1,42.559,,"(41.0, 40.0, True)",41,40
f4a07073,1,42.565,,"(36.0, 36.0, True)",36,36
f4efae80,1,42.1428,,"(43.0, 49.0, True)",43,49
f56005f2,1,42.1683,,"(57.0, 62.0, True)",57,62
f575fc15,0,42.6101,,"(36.0, 34.0, True)",36,34
f58d5318,1,33.6511,,"(34.0, 44.0, True)",34,44
f5addf4f,0,32.1884,,"(36.0, 33.0, True)",36,33
f5e6ceb4,0,38.9177,,"(35.0, 39.0, True)",35,39
f60f0244,1,35.3127,,"(35.0, 36.0, True)",35,36
f613255d,0,39.6927,,"(37.0, 34.0, True)",37,34
f646fdee,0,34.0467,,"(33.0, 36.0, True)",33,36
f659df68,0,45.2416,,"(34.0, 44.0, True)",34,44
f67babb0,1,42.5591,,"(33.0, 36.0, True)",33,36
f6a75c6b,0,35.7829,,"(26.0, 39.0, True)",26,39
f6c28085,0,35.7991,,"(37.0, 36.0, True)",37,36
f6c43c24,1,38.0736,,"(42.0, 31.0, True)",42,31
f6e337a5,0,37.3578,,"(39.0, 32.0, True)",39,32
f6f13182,1,33.6352,,"(35.0, 39.0, True)",35,39
f73d35c2,0,41.8495,,"(41.0, 52.0, True)",41,52
f75d4691,0,45.3874,,"(29.0, 36.0, True)",29,36
f76458ab,0,na,,"(38.0, 35.0, True)",38,35
f78fd217,0,na,,"(31.0, 35.0, True)",31,35
f813adbc,1,39.5835,,"(36.0, 37.0, False)",36,37
f8284ca0,1,42.559,,"(39.0, 36.0, True)",39,36
f828f3c5,0,43.241,,"(37.0, 46.0, True)",37,46
f82ef974,0,43.9252,,"(38.0, 34.0, True)",38,34
f84a5fc5,0,43.916,,"(37.0, 33.0, True)",37,33
f8661e3b,0,34.1367,,"(39.0, 34.0, True)",39,34
f8c7b912,1,45.3362,,"(37.0, 35.0, True)",37,35
f8cdc102,0,37.1996,,"(41.0, 40.0, True)",41,40
f8dd4fcc,0,na,,"(40.0, 42.0, False)",40,42
f8f48007,0,42.4057,,"(35.0, 36.0, True)",35,36
f9209504,0,na,,"(38.0, 41.0, True)",38,41
f957086b,0,40.2466,,"(37.0, 34.0, True)",37,34
f9a440e0,1,33.6352,,"(32.0, 35.0, True)",32,35
f9b91488,1,44.6246,,"(38.0, 37.0, True)",38,37
fa1ed515,1,35.2945,,"(36.0, 34.0, True)",36,34
fa4b7a44,0,42.5075,,"(37.0, 35.0, True)",37,35
fa537e8a,0,38.0165,,"(40.0, 45.0, True)",40,45
fa8ee5b1,0,45.3618,,"(37.0, 36.0, True)",37,36
fa943a88,1,39.6089,,"(36.0, 30.0, True)",36,30
face0c1d,1,37.6877,,"(36.0, 38.0, True)",36,38
faf2c49e,1,42.5891,,"(36.0, 35.0, True)",36,35
fb19a44c,1,43.972,,"(35.0, 37.0, True)",35,37
fb1c466e,1,42.5656,,"(38.0, 37.0, True)",38,37
fb5167db,0,42.4509,,"(24.0, 38.0, True)",24,38
fb7bad50,0,43.9816,,"(35.0, 33.0, True)",35,33
fb82daca,1,37.288,,"(36.0, 39.0, True)",36,39
fbb26786,1,37.2802,,"(37.0, 32.0, True)",37,32
fbeebbbb,0,42.5538,,"(34.0, 40.0, True)",34,40
fc70fa1d,1,36.4732,,"(38.0, 34.0, True)",38,34
fc82c349,0,39.6576,,"(35.0, 30.0, True)",35,30
fc9548b6,1,40.7118,,"(44.0, 48.0, True)",44,48
fcae243a,0,44.4635,,"(40.0, 40.0, True)",40,40
fce0e10f,1,45.2764,,"(38.0, 39.0, True)",38,39
fd049c5e,1,42.5591,,"(39.0, 33.0, True)",39,33
fd1f0c9b,0,37.2978,,"(39.0, 36.0, True)",39,36
fd228ba0,0,43.9076,,"(36.0, 30.0, True)",36,30
fd47c6f9,1,39.2166,,"(2.0, 1.0, True)",2,1
fd5e52ba,1,41.4386,,"(45.0, 47.0, False)",45,47
fd6a4725,1,44.5987,,"(33.0, 38.0, True)",33,38
fd6a8a9c,1,38.02,,"(36.0, 39.0, True)",36,39
fd7e2713,1,36.1061,,"(36.0, 35.0, False)",36,35
fe18f068,0,44.5834,,"(34.0, 39.0, True)",34,39
fe376a63,1,39.9795,,"(59.0, 52.0, True)",59,52
fe3ffc73,0,34.0428,,"(37.0, 35.0, True)",37,35
fe70a6d7,1,34.489,,"(39.0, 40.0, True)",39,40
fe798b96,1,33.6352,,"(38.0, 37.0, True)",38,37
fe8a6bf9,0,38.1572,,"(34.0, 33.0, False)",34,33
fee78b0c,0,na,,"(37.0, 37.0, True)",37,37
ff0fbffe,1,37.704,,"(39.0, 37.0, True)",39,37
ff246b53,1,33.9978,,"(38.0, 40.0, True)",38,40
ff3e8685,1,41.0834,,"(37.0, 33.0, True)",37,33
ff877523,1,42.1486,,"(50.0, 59.0, True)",50,59
ff9db753,1,42.5598,,"(37.0, 38.0, True)",37,38
ffb83485,1,43.2611,,"(33.0, 33.0, True)",33,33
ffe0889d,0,43.2286,,"(36.0, 41.0, True)",36,41
ffe4cfab,1,37.704,,"(39.0, 31.0, True)",39,31
ffead436,0,39.5955,,"(35.0, 39.0, True)",35,39
fffe76e4,1,41.8447,,"(38.0, 36.0, True)",38,36
